StartDate,EndDate,Status,IPAddress,Progress,Duration (in seconds),Finished,RecordedDate,ResponseId,LocationLatitude,LocationLongitude,DistributionChannel,UserLanguage,consent,paq_ddf_neg_1,paq_dif_neg_2,paq_eot_gen_3,paq_ddf_pos_4,paq_dif_pos_5,paq_eot_gen_6,paq_timer_1_First Click,paq_timer_1_Last Click,paq_timer_1_Page Submit,paq_timer_1_Click Count,paq_ddf_neg_7,paq_eot_gen_9,paq_ddf_pos_10,paq_dif_pos_11,paq_eot_gen_12,paq_timer_2_First Click,paq_timer_2_Last Click,paq_timer_2_Page Submit,paq_timer_2_Click Count,paq_ddf_neg_13,paq_dif_neg_14,paq_eot_gen_15,paq_ddf_pos_16,paq_dif_pos_17,ac_paq,paq_eot_gen_18,paq_timer_3_First Click,paq_timer_3_Last Click,paq_timer_3_Page Submit,paq_timer_3_Click Count,paq_ddf_neg_19,paq_dif_neg_20,paq_eot_gen_21,paq_ddf_pos_22,paq_dif_pos_23,paq_eot_gen_24,paq_timer_4_First Click,paq_timer_4_Last Click,paq_timer_4_Page Submit,paq_timer_4_Click Count,pmerq_1,pmerq_2,pmerq_3,pmerq_4,pmerq_5,pmerq_6,pmerq_7,pmerq_8,pmerq_9,pmerq_10,pmerq_11,pmerq_12,pmerq_13,pmerq_14,pmerq_15,pmerq_16,pmerq_17,pmerq_18,pmerq_19,pmerq_20,pmerq_21,pmerq_22,pmerq_23,pmerq_24,pmerq_25,pmerq_26,pmerq_27,pmerq_28,pmerq_29,pmerq_30,pmerq_31,pmerq_32,pmerq_33,pmerq_34,pmerq_35,pmerq_36,pmerq_37,pmerq_38,pmerq_39,pmerq_40,pmerq_41,pmerq_42,pmerq_43,pmerq_44,pmerq_45,pmerq_46,pmerq_47,pmerq_48,pmerq_49,pmerq_50,pmerq_51,pmerq_52,pmerq_53,pmerq_54,pmerq_55,pmerq_56,pmerq_57,ac_pmerq,pmerq_timer_First Click,pmerq_timer_Last Click,pmerq_timer_Page Submit,pmerq_timer_Click Count,swls_1,swls_2,swls_3,swls_4,swls_5,swls_timer_First Click,swls_timer_Last Click,swls_timer_Page Submit,swls_timer_Click Count,fss_1,fss_2,fss_3,fss_4,fss_5,fss_6,fss_7,fss_8,fss_9,fss_timer_First Click,fss_timer_Last Click,fss_timer_Page Submit,fss_timer_Click Count,gad_1,gad_2,gad_3,gad_4,gad_5,gad_6,gad_7,gad_timer_First Click,gad_timer_Last Click,gad_timer_Page Submit,gad_timer_Click Count,phq_1,phq_2,phq_3,phq_4,phq_5,phq_6,phq_7,phq_8,phq_timer_First Click,phq_timer_Last Click,phq_timer_Page Submit,phq_timer_Click Count,tas_dif_1,tas_ddf_2,tas_dif_3,tas_ddf_4_r,tas_eot_5_r,tas_timer_1_First Click,tas_timer_1_Last Click,tas_timer_1_Page Submit,tas_timer_1_Click Count,tas_dif_6,tas_dif_7,tas_eot_8,tas_dif_9,tas_eot_10_r,tas_timer_2_First Click,tas_timer_2_Last Click,tas_timer_2_Page Submit,tas_timer_2_Click Count,tas_ddf_11,tas_ddf_12,tas_dif_13,tas_dif_14,ac_tas,tas_eot_15,tas_timer_3_First Click,tas_timer_3_Last Click,tas_timer_3_Page Submit,tas_timer_3_Click Count,tas_eot_16,tas_ddf_17,tas_eot_18_r,tas_eot_19_r,tas_eot_20,tas_timer_4_First Click,tas_timer_4_Last Click,tas_timer_4_Page Submit,tas_timer_4_Click Count,erq_reap_fr_1,erq_supp_fr_2,erq_reap_fr_3,erq_supp_fr_4,erq_reap_fr_5,erq_supp_fr_6,erq_reap_fr_7,erq_reap_fr_8,erq_supp_fr_9,erq_reap_fr_10,gender,age,academic,academic_7_TEXT,race_1,race_2,race_16,race_4,race_5,race_7,race_8,race_10,race_11,race_13,race_15,race_1_TEXT,race_16_TEXT,race_13_TEXT,race_15_TEXT,pid,pool,qualtrics_name,ac_pmerq_pass,ac_tas_pass,ac_paq_pass,ac_passes,rawdatafile,paq,paq_dif,paq_ddf,paq_eot,paq_neg,paq_pos,paq_dif_neg,paq_ddf_neg,paq_dif_pos,paq_ddf_pos
2021-06-30 21:42:56,2021-06-30 21:42:59,Survey Preview,NA,100,3,True,2021-06-30 21:43:00,R_302Wpx9xAdklyRr,37.423004150390625,-122.1638946533203125,preview,EN,NA,NA,NA,NA,NA,NA,NA,NA,NA,NA,NA,NA,NA,NA,NA,NA,NA,NA,NA,NA,NA,NA,NA,NA,NA,NA,NA,NA,NA,NA,NA,NA,NA,NA,NA,NA,NA,NA,NA,NA,NA,NA,NA,NA,NA,NA,NA,NA,NA,NA,NA,NA,NA,NA,NA,NA,NA,NA,NA,NA,NA,NA,NA,NA,NA,NA,NA,NA,NA,NA,NA,NA,NA,NA,NA,NA,NA,NA,NA,NA,NA,NA,NA,NA,NA,NA,NA,NA,NA,NA,NA,NA,NA,NA,NA,NA,NA,NA,NA,NA,NA,NA,NA,NA,NA,NA,NA,NA,NA,NA,NA,NA,NA,NA,NA,NA,NA,NA,NA,NA,NA,NA,NA,NA,NA,NA,NA,NA,NA,NA,NA,NA,NA,NA,NA,NA,NA,NA,NA,NA,NA,NA,NA,NA,NA,NA,NA,NA,NA,NA,NA,NA,NA,NA,NA,NA,NA,NA,NA,NA,NA,NA,NA,NA,NA,NA,NA,NA,NA,NA,NA,NA,NA,NA,NA,NA,NA,NA,NA,NA,NA,NA,NA,NA,NA,NA,NA,NA,NA,NA,NA,NA,NA,NA,NA,NA,NA,NA,NA,NA,NA,NA,NA,NA,NA,NA,NA,NA,NA,NA,NA,NA,NA,NA,NA,NA,NA,NA,NA,NA,NA,/Users/ashish/files/research/projects/alexithymia/emo_similarity_image_network/data/raw/2021-07-10/emo_similarity_network_presurvey_sum2021.csv,NA,NA,NA,NA,NA,NA,NA,NA,NA,NA
2021-07-01 21:18:50,2021-07-01 21:22:25,IP Address,173.244.209.80,100,214,True,2021-07-01 21:22:25,R_ux38NEJYPAPJ8pX,40.7592010498046875,-111.8874969482421875,anonymous,EN,1,NA,NA,NA,NA,NA,NA,NA,NA,NA,NA,NA,NA,NA,NA,NA,NA,NA,NA,NA,NA,NA,NA,NA,NA,1,NA,NA,NA,NA,NA,NA,NA,NA,NA,NA,NA,NA,NA,NA,NA,NA,NA,NA,NA,NA,NA,NA,NA,NA,NA,NA,NA,NA,NA,NA,NA,NA,NA,NA,NA,NA,NA,NA,NA,NA,NA,NA,NA,NA,NA,NA,NA,NA,NA,NA,NA,NA,NA,NA,NA,NA,NA,NA,NA,NA,NA,NA,NA,4,NA,NA,NA,NA,NA,NA,NA,NA,NA,NA,NA,NA,NA,NA,NA,NA,NA,NA,NA,NA,NA,NA,NA,NA,NA,NA,NA,NA,NA,NA,NA,NA,NA,NA,NA,NA,NA,NA,NA,NA,NA,NA,NA,NA,NA,NA,NA,NA,NA,NA,NA,NA,NA,NA,NA,NA,NA,NA,NA,NA,NA,NA,NA,NA,NA,NA,NA,NA,NA,NA,NA,NA,NA,NA,NA,NA,NA,NA,NA,NA,NA,NA,NA,NA,NA,NA,NA,NA,NA,NA,NA,NA,NA,NA,NA,NA,NA,NA,NA,NA,NA,NA,NA,NA,NA,NA,NA,NA,NA,NA,NA,NA,NA,NA,NA,NA,NA,NA,NA,NA,NA,NA,NA,NA,9999,test,NA,NA,NA,NA,NA,/Users/ashish/files/research/projects/alexithymia/emo_similarity_image_network/data/raw/2021-07-10/emo_similarity_network_presurvey_sum2021.csv,NA,NA,NA,NA,NA,NA,NA,NA,NA,NA
2021-07-03 00:46:29,2021-07-03 02:36:54,IP Address,128.12.122.209,100,6624,True,2021-07-03 02:36:55,R_2uCFVUxl9KsQQNY,37.423004150390625,-122.1638946533203125,anonymous,EN,1,1,1,2,1,1,2,4.046,18.438,20.022,6,2,2,2,2,3,2.469,14.01,15.249,6,2,2,3,2,2,1,2,NA,NA,NA,NA,2,2,2,2,2,3,4.268,14.686,16.306,6,5,4,6,2,4,4,4,5,6,6,6,2,2,6,6,6,1,1,6,2,6,2,5,6,2,2,4,1,1,6,2,1,1,1,6,1,1,6,3,2,2,1,6,6,1,1,4,5,4,2,6,4,6,6,5,3,2,Agree,NA,NA,NA,NA,6,6,6,6,5,NA,NA,NA,NA,7,2,2,5,5,2,5,5,2,NA,NA,NA,NA,1,1,1,1,1,1,1,NA,NA,NA,NA,1,1,1,2,1,1,1,1,NA,NA,NA,NA,2,2,1,Moderately Agree,Moderately Agree,4.085,19.717,21.209,5,2,1,1,3,Strongly Agree,5.719,20.598,21.347,5,2,3,2,1,1,2,5.148,33.216,34.171,6,2,1,Strongly Agree,Strongly Agree,1,3.042,19.581,91.246,7,3,2,5,1,7,2,6,6,2,6,NA,19,NA,NA,NA,NA,NA,NA,NA,NA,NA,NA,NA,NA,NA,NA,NA,NA,NA,9998,test,emo_similarity_network_presurvey_sum2021,1,1,1,1 + 1 + 1,/Users/ashish/files/research/projects/alexithymia/emo_similarity_image_network/data/raw/2021-07-10/emo_similarity_network_presurvey_sum2021.csv,45,12,14,19,12,14,5,7,7,7
2021-07-03 03:02:02,2021-07-03 03:17:02,IP Address,174.194.194.38,100,900,True,2021-07-03 03:17:03,R_DJ3rSGrkZm6wIk9,37.704498291015625,-122.0742034912109375,anonymous,EN,1,2,1,2,2,2,3,6.95,35.906,36.745,15,5,1,1,5,1,4.971,41.669,42.95,24,5,2,1,2,2,1,1,NA,NA,NA,NA,2,2,1,1,4,1,10.005,34.231,34.727,23,5,2,2,5,4,6,5,5,5,5,6,2,5,3,5,5,2,2,5,3,6,1,6,6,2,2,2,3,5,5,2,5,3,2,6,2,4,6,3,2,4,2,6,6,2,1,4,2,4,4,6,6,6,6,6,3,1,Strongly agree,NA,NA,NA,NA,7,7,7,7,7,NA,NA,NA,NA,7,1,1,7,6,5,7,6,5,NA,NA,NA,NA,2,2,2,2,1,2,1,NA,NA,NA,NA,1,1,1,2,1,2,1,1,NA,NA,NA,NA,2,2,1,Moderately Agree,Strongly Agree,3.098,17.073,17.512,13,1,5,1,2,Strongly Agree,2.007,20.59,21.167,12,4,1,4,2,1,1,3.655,29.127,29.675,14,1,1,Strongly Agree,Strongly Agree,2,2.365,18.648,19.1,14,6,2,3,1,6,2,6,6,5,6,NA,19,NA,NA,NA,NA,NA,NA,NA,NA,NA,NA,NA,NA,NA,NA,NA,NA,NA,9998,test,emo_similarity_network_presurvey_sum2021,1,1,1,1 + 1 + 1,/Users/ashish/files/research/projects/alexithymia/emo_similarity_image_network/data/raw/2021-07-10/emo_similarity_network_presurvey_sum2021.csv,49,18,20,11,19,19,5,14,13,6
2021-07-06 20:40:51,2021-07-06 21:01:41,IP Address,73.235.50.203,100,1249,True,2021-07-06 21:01:42,R_1InImndTCzTwJRc,36.861297607421875,-119.76689910888671875,anonymous,EN,1,2,2,3,2,3,2,17.575,38.134,39.033,10,3,1,1,2,1,3.259,17.074,18.14,7,5,5,2,2,2,1,1,2.749,28.778,30.627,10,2,3,1,1,1,1,4.372,18.875,19.85,10,4,3,2,4,5,4,5,5,5,4,6,2,3,3,4,4,2,2,5,2,4,2,4,6,2,2,4,4,3,5,2,2,2,1,3,4,2,4,1,4,2,2,3,4,2,3,2,4,4,3,4,3,4,3,5,2,2,Agree,10.922,510.472,568.398,71,3,4,5,4,2,9.312,26.656,27.511,6,6,4,3,6,3,5,6,3,5,3.716,39.766,40.501,11,2,3,3,2,1,2,1,3.585,23.717,28.953,7,1,1,2,2,2,1,2,1,47.248,73.763,77.228,10,4,3,2,Moderately Agree,Moderately Agree,7.134,29.904,30.786,6,2,1,2,2,Moderately Agree,6.705,26.305,27.361,6,1,1,1,1,1,3,3.76,53.006,54.615,8,2,2,Moderately Agree,Moderately Agree,2,5.241,171.187,172.117,7,5,2,5,1,5,1,5,5,1,5,NA,22,NA,NA,NA,NA,NA,NA,NA,NA,NA,NA,NA,NA,NA,NA,NA,NA,NA,96130,rep,emo_similarity_network_presurvey_sum2021,1,1,1,1 + 1 + 1,/Users/ashish/files/research/projects/alexithymia/emo_similarity_image_network/data/raw/2021-07-10/emo_similarity_network_presurvey_sum2021.csv,48,18,18,12,22,14,10,12,8,6
2021-07-06 21:28:16,2021-07-06 21:41:17,IP Address,76.102.0.169,100,780,True,2021-07-06 21:41:18,R_1CD9BBeNxKMorv5,37.347900390625,-122.03509521484375,anonymous,EN,1,5,3,2,6,2,2,5.948,24.154,25.36,6,2,2,2,2,2,10.878,24.146,25.464,9,5,2,3,2,2,1,2,4.181,32.972,34.193,9,5,2,2,2,2,2,9.043,26.636,27.637,8,5,3,5,4,5,5,4,5,5,3,4,5,5,3,5,3,2,3,4,3,5,3,6,5,3,4,2,3,4,3,2,4,3,5,3,2,4,3,2,4,2,2,2,4,3,2,4,3,4,3,2,3,3,2,3,5,3,Somewhat agree,5.479,280.663,283.001,63,3,4,3,6,2,3.659,15.019,16.095,5,6,2,3,2,2,2,5,2,2,8.252,36.439,38.113,12,1,1,2,1,1,1,1,2.832,20.51,21.784,9,1,1,2,1,1,1,1,1,5.406,60.052,60.301,10,2,2,1,Strongly Agree,Neither Disagree or Agree,4.318,43.987,45.16,6,2,2,2,1,Strongly Agree,2.288,16.385,17.646,6,2,1,2,2,1,1,16.485,43.426,44.61,10,4,1,Strongly Agree,Strongly Agree,4,4.856,19.268,20.414,7,2,4,6,2,6,2,5,6,2,6,NA,25,NA,NA,NA,NA,NA,NA,NA,NA,NA,NA,NA,NA,NA,NA,NA,NA,NA,96109,rep,emo_similarity_network_presurvey_sum2021,1,1,1,1 + 1 + 1,/Users/ashish/files/research/projects/alexithymia/emo_similarity_image_network/data/raw/2021-07-10/emo_similarity_network_presurvey_sum2021.csv,61,15,29,17,24,20,7,17,8,12
2021-07-06 21:45:27,2021-07-06 21:58:41,IP Address,192.153.236.17,100,793,True,2021-07-06 21:58:41,R_323Y6xswKZSCWCM,37.373992919921875,-121.8594970703125,anonymous,EN,1,2,2,6,2,2,5,4.806,22.536,25.349,6,2,2,2,2,6,2.404,83.145,83.904,7,2,2,6,2,2,1,2,2.066,97.627,98.324,10,2,2,2,2,3,2,1.968,20.054,20.823,7,4,5,4,4,4,5,4,4,4,4,4,3,5,3,5,4,5,4,4,2,4,5,4,5,5,5,5,5,5,4,5,4,5,5,5,5,5,4,5,5,5,4,4,4,4,5,5,4,4,4,4,4,4,5,2,5,5,Agree,17.424,263.748,267.606,61,2,2,2,2,2,3.565,15.343,16.682,7,6,3,3,6,5,1,6,5,5,2.307,33.001,33.954,13,3,3,2,4,3,2,1,2.003,27.745,31.637,8,2,3,4,3,3,3,4,2,5.017,27.739,28.582,14,2,2,1,Moderately Disagree,Moderately Agree,4.302,18.698,19.503,7,2,2,2,3,Moderately Agree,1.936,13.451,14.236,6,3,4,4,2,1,4,2.21,30.924,31.323,7,2,3,Moderately Agree,Moderately Agree,2,3.304,17.081,17.862,5,7,6,6,5,5,6,6,6,3,3,NA,34,NA,NA,NA,NA,NA,NA,NA,NA,NA,NA,NA,NA,NA,NA,NA,NA,NA,94570,rep,emo_similarity_network_presurvey_sum2021,1,1,1,1 + 1 + 1,/Users/ashish/files/research/projects/alexithymia/emo_similarity_image_network/data/raw/2021-07-10/emo_similarity_network_presurvey_sum2021.csv,62,15,16,31,14,17,6,8,9,8
2021-07-06 23:35:41,2021-07-07 00:05:35,IP Address,73.70.86.162,100,1793,True,2021-07-07 00:05:35,R_2fEaNopC6R9M2Mv,38.247802734375,-122.61920166015625,anonymous,EN,1,5,2,6,3,5,4,1.962,73.644,74.529,16,3,5,1,1,3,0.284,38.016,38.909,14,6,6,3,5,2,1,2,50.11,86.518,87.515,18,5,5,1,3,2,2,27.784,61.675,62.499,11,4,4,4,5,6,5,2,1,5,5,5,3,2,4,5,2,6,4,5,5,5,6,5,6,5,6,5,5,5,2,5,5,5,4,6,5,5,5,5,5,2,2,4,2,4,2,4,5,4,5,2,4,5,4,6,5,2,Strongly agree,1.1,1044.91,1046.808,113,6,6,6,6,7,0.642,19.442,20.425,10,7,5,1,6,2,2,3,1,2,14.415,68.83,69.69,18,1,1,1,1,2,1,1,0.494,33.425,34.964,14,2,1,1,2,2,1,1,1,0.271,49.277,51.011,15,4,4,3,Neither Disagree or Agree,Moderately Disagree,4.186,23.395,24.27,12,2,3,2,4,Strongly Agree,3.663,22.136,22.978,8,4,3,3,4,1,2,3.578,38.12,39.066,12,4,1,Strongly Agree,Strongly Agree,2,5.793,25.74,26.805,9,5,2,7,2,5,5,6,5,3,6,NA,19,NA,NA,NA,NA,NA,NA,NA,NA,NA,NA,NA,NA,NA,NA,NA,NA,NA,96679,rep,emo_similarity_network_presurvey_sum2021,1,1,1,1 + 1 + 1,/Users/ashish/files/research/projects/alexithymia/emo_similarity_image_network/data/raw/2021-07-10/emo_similarity_network_presurvey_sum2021.csv,80,23,31,26,32,22,13,19,10,12
2021-07-07 00:05:18,2021-07-07 00:13:27,IP Address,24.6.47.227,100,488,True,2021-07-07 00:13:27,R_1lsHzhvVL5w85sE,37.50970458984375,-121.902099609375,anonymous,EN,1,4,4,5,6,5,6,1.636,9.681,11.528,6,3,7,5,4,6,1.266,5.429,7.001,6,4,4,4,6,4,1,4,2.361,21.527,23.255,11,3,5,6,6,4,5,2.836,12.942,13.958,6,1,1,1,1,1,1,1,1,1,1,1,1,1,1,1,1,1,1,1,1,1,1,1,1,1,1,1,1,1,1,1,1,1,1,1,1,1,1,1,1,1,1,1,1,1,1,1,1,4,1,1,1,1,1,1,1,1,Strongly disagree,0.749,236.763,237.858,60,2,2,2,7,1,1.714,6.188,14.169,6,4,3,2,2,3,3,3,3,3,1.381,10.108,11.008,9,3,1,2,3,1,3,1,0.655,5.628,20.872,9,1,1,3,1,3,2,2,2,3.742,9.504,20.405,8,4,5,1,Moderately Disagree,Moderately Agree,0.549,2.316,5.915,5,2,5,1,3,Strongly Disagree,0.285,2.58,7.271,6,3,2,2,2,1,2,0.208,21.505,27.834,8,3,1,Strongly Disagree,Moderately Disagree,2,2.67,4.695,14.089,5,3,4,4,4,4,4,3,3,3,2,NA,21,NA,NA,NA,NA,NA,NA,NA,NA,NA,NA,NA,NA,NA,NA,NA,NA,NA,91741,rep,emo_similarity_network_presurvey_sum2021,1,1,1,1 + 1 + 1,/Users/ashish/files/research/projects/alexithymia/emo_similarity_image_network/data/raw/2021-07-10/emo_similarity_network_presurvey_sum2021.csv,110,30,37,43,27,40,13,14,17,23
2021-07-07 00:13:57,2021-07-07 00:39:59,IP Address,73.202.200.80,100,1561,True,2021-07-07 00:39:59,R_2YmntooWWseWp0G,37.3209075927734375,-121.91259765625,anonymous,EN,1,5,2,2,2,2,1,8.256,36.301,38.184,12,3,2,2,1,1,6.993,37.882,40.973,15,2,2,4,2,2,1,1,16.228,71.014,73.296,16,3,5,1,2,1,1,9.658,51.233,53.295,12,5,4,4,3,6,2,5,3,4,5,5,4,5,4,2,5,4,4,4,5,5,3,6,4,4,5,5,5,4,4,4,5,4,6,6,4,5,6,5,6,5,5,6,4,5,2,3,5,4,5,5,5,6,5,5,4,3,Agree,21.962,521.269,522.611,119,5,6,7,6,3,6.008,27.875,30.184,10,5,2,1,2,2,4,4,5,3,7.396,95.981,135.669,22,2,1,2,1,1,1,3,9.811,71.34,73.592,15,2,1,3,1,1,2,1,1,24.054,135.458,140.369,17,1,1,1,Strongly Agree,Moderately Agree,20.248,63.345,67.507,9,2,1,3,1,Strongly Agree,7.775,41.564,44.89,8,2,3,1,1,1,2,7.668,71.679,83.869,13,4,1,Strongly Agree,Strongly Agree,4,9.593,51.666,57.698,12,7,3,6,2,6,2,5,5,3,7,NA,40,NA,NA,NA,NA,NA,NA,NA,NA,NA,NA,NA,NA,NA,NA,NA,NA,NA,96124,rep,emo_similarity_network_presurvey_sum2021,1,1,1,1 + 1 + 1,/Users/ashish/files/research/projects/alexithymia/emo_similarity_image_network/data/raw/2021-07-10/emo_similarity_network_presurvey_sum2021.csv,49,15,21,13,22,14,9,13,6,8
2021-07-07 01:15:15,2021-07-07 01:31:34,IP Address,99.52.204.80,100,978,True,2021-07-07 01:31:35,R_3EzEnEC2dBf1EN4,37.437103271484375,-121.8954010009765625,anonymous,EN,1,5,3,3,1,2,3,11.966,45.769,47.855,8,3,2,4,4,4,4.958,42.79,46.777,7,4,5,6,6,6,1,6,5.007,29.446,31.587,8,5,4,2,4,4,4,8.686,39.858,46.327,6,4,4,4,4,4,4,4,5,5,5,5,5,5,5,5,5,5,5,5,6,5,5,5,5,5,5,5,5,5,5,5,5,5,5,5,5,5,5,5,5,5,5,5,5,5,5,5,5,5,5,5,5,5,5,5,5,5,Agree,6.316,152.438,153.3,59,5,6,6,6,5,5.677,19.821,21.102,6,6,3,3,4,4,4,3,3,2,6.446,52.61,57.201,9,2,1,1,2,2,1,1,7.416,59.834,61.064,7,3,1,2,2,2,1,1,2,11.771,87.853,89.64,8,3,3,1,Moderately Disagree,Neither Disagree or Agree,2.589,30.835,31.8,7,2,2,3,3,Moderately Disagree,4.792,35.477,38.495,5,3,3,1,1,1,3,54.729,77.987,88.239,9,3,2,Neither Disagree or Agree,Moderately Disagree,3,4.712,23.983,25.701,5,1,1,5,2,3,6,5,4,5,4,NA,38,NA,NA,NA,NA,NA,NA,NA,NA,NA,NA,NA,NA,NA,NA,NA,NA,NA,96256,rep,emo_similarity_network_presurvey_sum2021,0,1,1,1 + 0 + 1,/Users/ashish/files/research/projects/alexithymia/emo_similarity_image_network/data/raw/2021-07-10/emo_similarity_network_presurvey_sum2021.csv,90,28,32,30,29,31,12,17,16,15
2021-07-07 03:11:19,2021-07-07 03:23:15,IP Address,174.87.87.61,100,715,True,2021-07-07 03:23:15,R_3nHhj2A3Dyv3szD,35.261199951171875,-120.654998779296875,anonymous,EN,1,3,3,2,3,4,3,8.828,31.181,31.734,9,5,2,4,3,4,4.477,23.919,24.393,8,5,6,4,4,3,1,2,4.581,23.453,25.106,11,5,6,2,4,2,2,4.857,37.115,38.354,8,5,5,2,5,5,5,4,5,3,2,3,3,3,2,2,4,4,5,3,4,4,4,2,5,4,4,5,4,4,3,3,3,5,4,4,5,4,3,4,5,3,3,4,2,3,4,4,3,4,4,2,4,2,4,3,4,4,Somewhat disagree,7.91,279.2,279.747,82,2,3,3,5,2,4.328,20.09,21.055,8,6,6,5,7,6,5,5,4,5,1.761,26.964,27.781,16,3,3,3,2,1,2,2,2.124,22.285,23.101,10,2,2,1,2,2,1,3,1,2.249,36.121,37.023,13,4,4,1,Neither Disagree or Agree,Moderately Agree,5,23.811,26.01,8,4,2,1,3,Strongly Agree,6.352,23.366,24.221,9,3,1,3,3,1,1,2.519,31.118,32.521,9,5,3,Moderately Agree,Moderately Agree,2,4.694,23.477,24.869,7,6,4,5,3,4,5,6,6,5,6,NA,20,NA,NA,NA,NA,NA,NA,NA,NA,NA,NA,NA,NA,NA,NA,NA,NA,NA,96517,rep,emo_similarity_network_presurvey_sum2021,1,1,1,1 + 1 + 1,/Users/ashish/files/research/projects/alexithymia/emo_similarity_image_network/data/raw/2021-07-10/emo_similarity_network_presurvey_sum2021.csv,81,27,33,21,33,27,15,18,12,15
2021-07-07 02:44:42,2021-07-07 03:44:10,IP Address,99.52.204.80,100,3568,True,2021-07-07 03:44:11,R_2ZIhtE4k16qocJw,37.437103271484375,-121.8954010009765625,anonymous,EN,1,7,4,3,4,3,7,5.372,49.933,51.749,7,4,4,4,4,4,2.799,17.317,18.401,6,4,3,3,3,7,1,3,2.912,18.389,20.038,8,5,3,4,3,3,4,7.269,21.887,23.287,6,5,5,5,5,5,5,5,5,5,5,5,5,5,5,5,5,5,5,5,5,5,5,5,5,5,5,5,5,5,5,5,5,5,5,5,5,5,5,5,5,5,5,5,5,5,5,5,5,5,5,5,5,5,5,5,5,5,Agree,118.038,247.648,249.232,58,5,6,6,6,7,5.993,18.128,19.691,5,3,3,3,1,1,1,1,1,1,5.217,34.366,36.198,12,1,1,1,2,2,2,1,3.007,21.278,22.401,7,3,1,1,2,2,1,1,1,4.082,32.885,34.085,9,3,3,3,Neither Disagree or Agree,Neither Disagree or Agree,4.25,20.818,21.944,5,2,2,3,1,Neither Disagree or Agree,6.111,21.589,23.99,5,2,2,1,1,1,2,5.381,25.015,26.565,6,3,3,Strongly Disagree,Neither Disagree or Agree,1,4.741,14.774,15.8,5,2,4,5,4,4,4,5,5,3,4,NA,38,NA,NA,NA,NA,NA,NA,NA,NA,NA,NA,NA,NA,NA,NA,NA,NA,NA,96256,rep,emo_similarity_network_presurvey_sum2021,0,1,1,1 + 0 + 1,/Users/ashish/files/research/projects/alexithymia/emo_similarity_image_network/data/raw/2021-07-10/emo_similarity_network_presurvey_sum2021.csv,93,27,34,32,30,31,10,20,17,14
2021-07-07 03:37:26,2021-07-07 03:48:36,IP Address,107.3.164.169,100,669,True,2021-07-07 03:48:36,R_3dHecLuJCbBRJYy,37.404296875,-122.074798583984375,anonymous,EN,1,5,4,5,4,5,4,6.916,26.135,27.129,6,6,4,3,3,4,4.476,24.495,25.527,6,5,5,4,3,3,1,4,4.215,31.06,31.578,10,5,5,3,3,3,5,3.778,19.129,21.8,6,4,4,3,3,4,3,3,4,4,4,4,4,3,3,4,4,4,3,3,3,4,3,3,4,3,4,4,4,4,4,3,4,2,3,4,2,3,3,3,2,4,3,4,4,3,4,4,4,4,4,4,4,4,3,4,3,4,Somewhat agree,9.738,278.817,280.401,63,4,4,4,4,4,4.088,13.834,14.439,6,6,5,3,6,3,5,6,4,4,4.114,26.156,27.477,10,2,1,1,1,1,1,1,5.911,25.12,26.188,7,1,1,1,1,1,1,1,1,4.739,29.436,30.47,8,3,4,2,Neither Disagree or Agree,Moderately Agree,5.108,19.076,20.072,6,3,2,4,2,Moderately Agree,3.865,16.206,17.019,6,3,4,3,2,1,3,2.21,26.33,27.298,6,3,4,Moderately Agree,Moderately Agree,3,5.594,21.64,22.722,5,6,6,6,3,5,5,5,5,6,6,NA,19,NA,NA,NA,NA,NA,NA,NA,NA,NA,NA,NA,NA,NA,NA,NA,NA,NA,96385,rep,emo_similarity_network_presurvey_sum2021,1,1,1,1 + 1 + 1,/Users/ashish/files/research/projects/alexithymia/emo_similarity_image_network/data/raw/2021-07-10/emo_similarity_network_presurvey_sum2021.csv,95,28,34,33,35,27,14,21,14,13
2021-07-07 05:58:16,2021-07-07 06:03:24,IP Address,73.189.180.254,100,308,True,2021-07-07 06:03:25,R_2bVGFeCoqQayGwy,37.3083038330078125,-121.96429443359375,anonymous,EN,1,4,4,4,5,6,4,1.334,7.484,8.899,6,7,5,5,1,7,1.632,10.06,12.332,7,4,6,4,2,3,0,5,1.086,9.397,11.215,8,3,5,4,4,6,5,0.995,8.39,11.101,7,2,1,2,2,1,1,2,3,3,2,3,2,3,3,3,4,4,4,3,3,3,2,2,2,2,1,1,1,1,2,2,1,3,4,3,4,4,3,3,3,3,3,2,2,2,3,2,3,3,3,2,2,2,1,4,4,5,Agree,1.118,86.073,87.459,61,4,3,7,6,3,1.511,8.3,9.977,5,4,3,4,7,6,4,7,6,5,1.059,14.461,15.926,11,2,1,1,4,1,3,1,1.239,8.89,10.834,7,2,1,1,1,1,1,2,1,1.338,18.012,19.484,13,1,1,1,Neither Disagree or Agree,Neither Disagree or Agree,2.525,13.855,15.571,7,3,2,1,4,Neither Disagree or Agree,1.187,6.091,8.308,5,2,2,3,3,0,4,1.699,8.662,9.888,6,3,2,Moderately Agree,Neither Disagree or Agree,5,0.801,7.3,9.1,5,4,3,4,4,7,4,3,1,1,4,NA,21,NA,NA,NA,NA,NA,NA,NA,NA,NA,NA,NA,NA,NA,NA,NA,NA,hispanic,96016,rep,emo_similarity_network_presurvey_sum2021,0,0,0,0 + 0 + 0,/Users/ashish/files/research/projects/alexithymia/emo_similarity_image_network/data/raw/2021-07-10/emo_similarity_network_presurvey_sum2021.csv,103,31,34,38,33,32,15,18,16,16
2021-07-07 05:40:56,2021-07-07 06:15:38,IP Address,73.202.200.80,100,2081,True,2021-07-07 06:15:38,R_7W0H0BXsETuTPTb,37.3209075927734375,-121.91259765625,anonymous,EN,1,2,2,2,1,2,2,7.3,43.104,45.171,11,4,1,2,2,1,8.922,40.898,43.169,11,2,2,2,2,2,1,2,9.788,73.579,81.218,13,2,4,1,2,2,1,11.185,107.406,109.916,11,6,5,5,3,5,3,5,4,5,5,6,3,5,4,4,5,5,3,6,6,5,5,5,4,5,5,5,5,4,5,5,4,3,5,5,5,5,5,4,3,5,4,5,5,3,3,4,5,4,4,5,4,5,5,4,4,3,Somewhat agree,28.491,986.862,988.545,129,6,6,7,6,1,11.866,44.157,60.321,10,5,2,2,2,2,4,2,2,2,14.501,98.893,101.756,17,2,2,2,1,1,2,2,7.771,46.43,49.11,13,1,2,2,1,1,1,1,1,23.442,144.078,145.815,15,1,1,1,Strongly Agree,Moderately Agree,11.546,50.88,53.045,9,1,1,1,1,Strongly Agree,6.722,50.209,53.701,8,1,2,1,1,1,2,4.09,52.988,54.73,10,3,1,Strongly Agree,Strongly Agree,4,8.108,46.631,48.948,9,6,2,7,3,6,1,6,5,2,6,NA,40,NA,NA,NA,NA,NA,NA,NA,NA,NA,NA,NA,NA,NA,NA,NA,NA,NA,96124,rep,emo_similarity_network_presurvey_sum2021,1,1,1,1 + 1 + 1,/Users/ashish/files/research/projects/alexithymia/emo_similarity_image_network/data/raw/2021-07-10/emo_similarity_network_presurvey_sum2021.csv,45,16,17,12,18,15,8,10,8,7
2021-07-07 06:32:23,2021-07-07 06:36:44,IP Address,73.189.180.254,100,260,True,2021-07-07 06:36:45,R_3mdvNOSJuY3bBek,37.3083038330078125,-121.96429443359375,anonymous,EN,1,3,6,6,2,2,3,0.902,6.853,8.131,6,5,3,1,3,3,0.521,6.968,8.09,7,4,6,4,5,1,0,6,0.701,8.516,10.623,8,3,6,7,2,3,5,0.723,6.826,8.193,6,3,2,2,2,3,3,3,2,2,2,2,2,3,3,3,3,3,3,3,4,4,4,3,3,3,3,3,3,3,2,2,2,5,5,4,3,3,3,3,2,2,2,3,3,3,3,3,3,3,3,2,2,3,3,3,3,3,Somewhat agree,0.721,80.263,82.845,63,3,3,3,3,2,1.254,6.293,7.971,5,4,3,3,6,2,5,5,5,3,0.512,10.479,12.059,9,2,2,2,2,2,3,1,1.214,11.678,12.74,8,4,1,1,1,2,3,2,1,0.444,10.249,12.093,9,3,4,2,Moderately Disagree,Moderately Disagree,0.925,7.267,8.927,6,3,1,3,3,Strongly Disagree,0.653,5.476,7.615,6,4,2,2,5,0,1,0.52,6.878,8.939,8,3,2,Moderately Disagree,Strongly Agree,2,0.666,5.763,7.5,5,1,5,2,6,4,3,1,5,4,5,NA,21,NA,NA,NA,NA,NA,NA,NA,NA,NA,NA,NA,NA,NA,NA,NA,NA,NA,96016,rep,emo_similarity_network_presurvey_sum2021,0,0,0,0 + 0 + 0,/Users/ashish/files/research/projects/alexithymia/emo_similarity_image_network/data/raw/2021-07-10/emo_similarity_network_presurvey_sum2021.csv,89,27,25,37,33,19,18,15,9,10
2021-07-07 06:25:42,2021-07-07 06:36:54,IP Address,73.70.45.79,100,672,True,2021-07-07 06:36:55,R_3jc86NGFUhcmMD4,37.35260009765625,-121.9541015625,anonymous,EN,1,2,3,3,6,5,2,5.849,27.933,29.336,15,3,1,3,3,5,5.206,23.753,24.843,14,5,5,5,5,5,1,1,18.881,39.489,40.65,14,2,3,1,3,5,1,9.391,28.934,29.588,14,4,5,3,6,2,6,2,3,2,2,3,4,4,2,4,4,4,5,4,2,3,4,2,3,4,4,2,6,2,3,3,6,6,4,3,6,4,2,4,6,3,2,3,2,3,5,2,2,4,3,2,3,2,4,4,5,5,Somewhat agree,11.564,214.701,215.301,122,2,3,2,3,1,1.976,21.243,22.538,14,7,3,7,6,6,6,7,5,7,2.131,20.617,22.216,19,2,2,2,2,1,1,2,2.938,29.633,34.64,17,2,1,4,2,4,1,2,1,4.317,35.8,36.212,20,2,3,3,Moderately Agree,Strongly Agree,4.356,21.478,22.149,10,3,5,3,2,Strongly Agree,3.145,15.136,15.84,10,4,4,3,3,1,3,3.416,39.351,40.475,12,5,5,Moderately Disagree,Strongly Agree,2,2.767,19.902,22.685,10,6,5,6,5,4,4,2,2,3,1,NA,25,NA,NA,NA,NA,NA,NA,NA,NA,NA,NA,NA,NA,NA,NA,NA,pakistani,NA,96172,rep,emo_similarity_network_presurvey_sum2021,1,1,1,1 + 1 + 1,/Users/ashish/files/research/projects/alexithymia/emo_similarity_image_network/data/raw/2021-07-10/emo_similarity_network_presurvey_sum2021.csv,77,29,29,19,23,35,11,12,18,17
2021-07-07 07:14:38,2021-07-07 07:43:13,IP Address,24.130.85.21,100,1714,True,2021-07-07 07:43:13,R_2ToU3mxlJZrZGTf,37.9268951416015625,-122.331298828125,anonymous,EN,1,3,2,5,2,2,3,6.057,36.381,39.656,7,2,3,3,2,5,29.748,67.618,70.34,6,2,2,3,2,2,1,3,9.143,55.394,57.907,7,3,5,3,2,3,3,11.158,43.244,48.492,6,5,3,4,5,5,6,4,5,4,4,3,5,3,4,4,5,3,4,4,4,5,4,3,4,3,4,4,2,3,4,3,5,3,4,3,4,4,2,4,4,5,3,3,4,3,3,2,4,4,4,4,5,4,3,4,5,3,Somewhat agree,22.89,724.302,725.453,61,5,5,6,5,2,4.007,76.601,79.732,5,5,3,2,5,2,2,3,2,2,7.799,63.861,65.631,10,1,1,2,1,1,2,1,14.848,84.301,86.899,7,1,1,1,1,1,1,1,1,4.249,46.143,47.497,8,3,4,1,Moderately Agree,Neither Disagree or Agree,8.857,36.117,38.942,5,2,1,4,2,Strongly Agree,6.874,30.543,33.782,5,2,2,2,3,1,2,6.979,85.022,91.093,7,5,2,Neither Disagree or Agree,Moderately Agree,3,6.64,47.411,51.361,5,1,3,5,2,7,3,4,5,3,6,NA,32,NA,NA,NA,NA,NA,NA,NA,NA,NA,NA,NA,NA,NA,NA,NA,tibetan,NA,96136,rep,emo_similarity_network_presurvey_sum2021,1,1,1,1 + 1 + 1,/Users/ashish/files/research/projects/alexithymia/emo_similarity_image_network/data/raw/2021-07-10/emo_similarity_network_presurvey_sum2021.csv,65,18,19,28,19,18,9,10,9,9
2021-07-07 15:57:00,2021-07-07 16:12:04,IP Address,160.72.200.194,100,903,True,2021-07-07 16:12:04,R_YWZrPdG28IYwnZf,40.0767974853515625,-82.5218963623046875,anonymous,EN,1,5,5,2,3,3,5,4.017,27.173,28.236,8,5,2,2,2,2,3.633,26.415,27.478,9,3,4,5,2,2,1,2,3.078,24.093,24.981,7,5,3,2,3,3,3,5.767,34.848,35.871,13,5,5,3,4,3,5,4,5,4,3,5,5,4,3,5,5,5,4,4,4,5,5,6,4,2,5,4,4,5,4,3,4,4,5,5,4,4,5,4,4,3,3,5,3,4,3,4,5,4,5,3,4,5,5,3,3,4,Agree,6.68,469.282,470.006,68,5,5,6,6,2,7.354,18.897,19.783,7,6,3,5,5,4,5,6,5,5,3.464,26.757,27.25,10,3,2,3,3,3,2,2,2.806,22.608,23.612,8,2,2,3,3,4,1,1,1,9.47,44.574,46.636,9,2,2,1,Moderately Disagree,Moderately Agree,10.243,25.649,26.835,6,4,1,3,4,Strongly Agree,6.262,19.142,20.198,6,2,3,2,3,1,3,3.778,30.634,31.414,8,2,2,Strongly Agree,Strongly Agree,2,2.94,17.106,17.99,7,6,5,6,2,6,3,6,6,3,6,NA,20,NA,NA,NA,NA,NA,NA,NA,NA,NA,NA,NA,NA,NA,NA,NA,NA,NA,91174,rep,emo_similarity_network_presurvey_sum2021,1,1,1,1 + 1 + 1,/Users/ashish/files/research/projects/alexithymia/emo_similarity_image_network/data/raw/2021-07-10/emo_similarity_network_presurvey_sum2021.csv,73,22,28,23,30,20,12,18,10,10
2021-07-07 17:11:19,2021-07-07 17:41:22,IP Address,108.243.33.103,100,1802,True,2021-07-07 17:41:22,R_xip9BA7ARkRmtrj,37.4445953369140625,-122.183502197265625,anonymous,EN,1,5,5,3,5,5,5,4.981,66.765,67.366,16,5,3,5,5,2,3.193,87.632,88.57,37,5,5,3,4,4,1,3,14.035,92.085,93,27,3,5,2,4,5,3,7.791,265.432,267.398,19,2,2,2,2,4,5,3,3,4,3,4,3,5,4,4,3,5,4,4,3,3,5,3,4,3,5,3,4,3,4,2,3,4,3,4,5,5,3,2,2,4,2,3,5,5,2,3,4,4,5,3,4,4,3,2,2,2,Somewhat agree,1.239,564.866,565.521,169,5,5,3,5,3,2.09,37.829,39.236,27,6,2,2,6,2,6,6,2,2,7.101,73.554,74.109,38,1,1,1,1,1,2,1,13.999,61.944,63.47,18,2,2,2,1,1,2,1,1,12.616,69.548,70.545,22,4,4,2,Moderately Disagree,Moderately Disagree,0.932,33.731,34.892,14,2,2,3,2,Moderately Disagree,9.031,47.92,49.073,11,2,4,3,2,1,2,0.759,47.349,48.683,17,3,2,Moderately Disagree,Moderately Agree,3,14.59,57.3,58.682,11,5,5,3,3,3,3,5,4,3,4,NA,19,NA,NA,NA,NA,NA,NA,NA,NA,NA,NA,NA,NA,NA,NA,NA,NA,NA,96670,rep,emo_similarity_network_presurvey_sum2021,1,1,1,1 + 1 + 1,/Users/ashish/files/research/projects/alexithymia/emo_similarity_image_network/data/raw/2021-07-10/emo_similarity_network_presurvey_sum2021.csv,94,34,36,24,33,37,15,18,19,18
2021-07-07 17:22:12,2021-07-07 18:15:54,IP Address,73.63.226.179,100,3221,True,2021-07-07 18:15:54,R_2y2i4UVF9urPKva,37.3697967529296875,-121.81600189208984375,anonymous,EN,1,7,7,3,5,3,6,12.999,87.981,89.056,7,7,2,3,3,3,7.298,82.201,82.982,8,6,6,7,3,3,1,2,3.512,1156.64,1157.478,15,6,6,2,3,3,2,6.808,256.856,257.941,8,5,5,4,5,4,5,4,5,4,5,4,5,4,5,4,5,4,4,5,4,5,5,4,5,5,4,4,5,5,4,4,4,5,5,5,5,4,4,5,4,5,4,5,4,5,3,5,4,4,5,4,5,5,4,5,5,3,Agree,5.436,385.97,387.473,63,4,2,6,5,6,2.885,68.553,69.932,12,7,2,3,5,6,6,6,6,6,6.478,284.832,285.074,21,2,2,3,3,4,2,4,6.374,39.765,40.95,7,4,2,1,3,3,2,2,2,11.689,66.163,66.977,8,3,4,4,Moderately Disagree,Moderately Agree,30.344,442.395,443.344,11,4,4,5,4,Strongly Agree,6.052,50.681,51.393,9,5,3,5,2,1,5,7.55,49.738,50.89,9,2,3,Moderately Agree,Moderately Agree,4,10.386,38.039,38.988,5,7,7,7,3,6,3,7,7,5,7,NA,25,NA,NA,NA,NA,NA,NA,NA,NA,NA,NA,NA,NA,NA,NA,NA,NA,NA,96265,rep,emo_similarity_network_presurvey_sum2021,1,1,1,1 + 1 + 1,/Users/ashish/files/research/projects/alexithymia/emo_similarity_image_network/data/raw/2021-07-10/emo_similarity_network_presurvey_sum2021.csv,98,31,40,27,45,26,19,26,12,14
2021-07-07 18:26:09,2021-07-07 18:27:45,IP Address,98.207.232.106,100,96,True,2021-07-07 18:27:46,R_3Ed23Ig5sDZxxfx,37.3589935302734375,-122.08660125732421875,anonymous,EN,1,NA,NA,1,NA,NA,NA,2.541,10.453,10.456,4,NA,NA,NA,NA,NA,2.718,2.718,2.72,1,NA,NA,NA,NA,NA,NA,NA,2.222,2.222,2.224,1,NA,NA,NA,NA,NA,NA,2.246,2.246,2.248,1,NA,NA,NA,NA,NA,NA,NA,NA,NA,NA,NA,NA,NA,NA,NA,NA,NA,NA,NA,NA,NA,NA,NA,NA,NA,NA,NA,NA,NA,NA,NA,NA,NA,NA,NA,NA,NA,NA,NA,NA,NA,NA,NA,NA,NA,NA,NA,NA,NA,NA,NA,NA,NA,NA,NA,NA,NA,NA,5.149,5.149,5.163,1,NA,NA,NA,7,NA,2.557,7.83,7.832,3,NA,NA,NA,NA,NA,NA,NA,NA,NA,3.488,3.488,3.491,1,NA,NA,NA,NA,NA,NA,NA,3.975,3.975,3.979,1,NA,1,NA,NA,NA,NA,NA,NA,2.75,8.78,8.783,3,NA,NA,NA,NA,NA,3.187,3.187,3.19,1,NA,NA,NA,NA,NA,3.734,3.734,3.737,1,NA,NA,NA,NA,NA,NA,2.788,2.788,2.791,1,NA,NA,NA,NA,NA,2.61,2.61,2.614,1,NA,NA,NA,NA,NA,NA,NA,NA,NA,NA,NA,NA,NA,NA,NA,NA,NA,NA,NA,NA,NA,NA,NA,NA,NA,NA,NA,NA,NA,1,psychone,emo_similarity_network_presurvey_sum2021,0,0,0,0 + 0 + 0,/Users/ashish/files/research/projects/alexithymia/emo_similarity_image_network/data/raw/2021-07-10/emo_similarity_network_presurvey_sum2021.csv,NA,NA,NA,NA,NA,NA,NA,NA,NA,NA
2021-07-07 18:06:32,2021-07-07 18:49:09,IP Address,71.198.2.106,100,2557,True,2021-07-07 18:49:10,R_1KgaSqXftV5cewL,37.3773040771484375,-122.01940155029296875,anonymous,EN,1,2,2,2,2,2,2,7.532,58.395,59.095,7,6,3,5,2,2,24.893,119.922,122.06,8,5,5,4,6,2,0,2,19.21,158.332,160.155,10,6,5,2,6,6,4,19.325,73.482,75.303,8,5,5,2,5,4,5,4,2,5,4,5,5,5,5,4,5,5,5,4,2,5,5,3,5,2,3,2,4,4,5,5,2,5,5,2,5,5,2,4,5,5,2,5,5,2,2,2,4,5,5,2,2,2,5,5,2,2,Agree,48.735,1010.181,1011.525,66,3,2,2,2,2,10.992,42.348,45.039,5,6,2,2,6,5,2,5,2,5,6.438,74.083,80.222,10,2,2,2,2,2,2,2,8.027,48.427,50.385,7,2,2,2,2,3,2,1,2,74.359,196.538,198.08,9,2,2,3,Moderately Agree,Moderately Disagree,16.264,62.122,66.95,7,2,4,2,2,Moderately Agree,7.035,63.049,66.35,6,2,3,2,2,0,2,12.383,87.243,95.754,6,4,2,Moderately Disagree,Moderately Agree,3,10.731,89.369,90.611,5,6,2,3,2,2,2,6,5,2,5,NA,45,NA,bachelor,NA,NA,NA,NA,NA,NA,NA,NA,NA,NA,NA,NA,NA,NA,NA,96190,rep,emo_similarity_network_presurvey_sum2021,0,0,0,0 + 0 + 0,/Users/ashish/files/research/projects/alexithymia/emo_similarity_image_network/data/raw/2021-07-10/emo_similarity_network_presurvey_sum2021.csv,83,24,38,21,31,31,12,19,12,19
2021-07-07 19:35:22,2021-07-07 19:44:37,IP Address,24.4.124.222,100,554,True,2021-07-07 19:44:38,R_OleH6P51GL8EBz3,37.437103271484375,-121.8954010009765625,anonymous,EN,1,1,5,4,2,2,4,4.329,26.976,27.336,8,5,2,2,2,3,3.824,16.368,17.673,7,4,4,4,2,2,1,2,2.308,20.381,21.026,7,4,4,1,4,2,2,2.523,14.532,15.253,6,4,4,3,3,3,3,3,3,4,4,4,4,4,4,4,4,4,4,4,4,4,4,4,4,4,4,4,4,4,4,4,4,4,4,4,4,4,4,4,4,4,4,4,4,4,3,4,4,4,3,3,4,4,4,4,4,4,Somewhat agree,54.922,167.853,168.808,62,2,4,5,5,4,3.516,12.028,12.619,5,5,6,5,4,4,4,4,4,2,3.947,21.427,22.233,10,1,1,1,1,1,1,1,2.378,11.498,12.281,7,1,1,3,2,1,1,1,1,7.337,28.258,29.505,8,2,2,3,Moderately Agree,Neither Disagree or Agree,4.177,15.065,15.746,6,3,3,3,4,Strongly Agree,3.533,13.533,13.847,8,2,1,4,4,1,3,2.893,27.086,28.621,7,3,3,Neither Disagree or Agree,Moderately Agree,3,1.849,12.441,13.033,6,4,3,3,2,5,5,4,5,3,3,NA,24,NA,NA,NA,NA,NA,NA,NA,NA,NA,NA,NA,NA,NA,NA,NA,NA,NA,96634,rep,emo_similarity_network_presurvey_sum2021,1,1,1,1 + 1 + 1,/Users/ashish/files/research/projects/alexithymia/emo_similarity_image_network/data/raw/2021-07-10/emo_similarity_network_presurvey_sum2021.csv,67,21,24,22,27,18,13,14,8,10
2021-07-07 20:54:09,2021-07-07 21:03:47,IP Address,206.213.157.170,100,578,True,2021-07-07 21:03:48,R_111KHIoGyyURf8w,37.2599029541015625,-121.9170989990234375,anonymous,EN,1,6,6,7,6,6,6,4.512,18.723,19.874,7,7,7,7,7,7,4.534,12.957,13.8,6,6,6,6,4,3,0,5,2.958,22.335,23.38,10,7,7,2,5,6,6,7.293,17.354,18.99,7,4,4,4,4,2,6,2,3,2,2,2,2,2,2,1,3,3,3,3,3,3,6,1,1,6,6,6,3,3,3,3,3,3,3,6,6,1,1,6,6,6,1,2,2,3,3,1,3,3,3,4,3,3,2,2,3,3,Strongly disagree,8.595,171.67,172.17,64,1,3,5,5,2,3.755,19.814,20.369,8,7,4,6,6,6,6,6,6,7,3.539,21.537,22.518,13,2,2,3,2,2,4,1,83.785,108.057,109.005,11,2,2,1,4,3,3,2,2,4.19,23.887,25.751,10,4,4,1,Strongly Disagree,Strongly Disagree,2.356,17.604,18.721,8,5,5,5,5,Strongly Agree,6.063,14.93,15.896,6,5,5,5,5,1,5,2.544,23.579,24.59,8,3,5,Strongly Agree,Strongly Disagree,3,6.652,18.754,19.728,7,6,7,5,4,4,7,4,3,5,4,NA,27,NA,NA,NA,NA,NA,NA,NA,NA,NA,NA,NA,NA,NA,NA,NA,NA,NA,96940,rep,emo_similarity_network_presurvey_sum2021,0,1,0,1 + 0 + 0,/Users/ashish/files/research/projects/alexithymia/emo_similarity_image_network/data/raw/2021-07-10/emo_similarity_network_presurvey_sum2021.csv,135,41,48,46,45,44,19,26,22,22
2021-07-07 21:33:08,2021-07-07 21:39:57,IP Address,76.127.117.248,100,409,True,2021-07-07 21:39:57,R_22yUCWTkJI6P2II,37.7353057861328125,-121.44029998779296875,anonymous,EN,1,4,4,4,4,4,4,10.903,16.322,17.14,7,4,4,4,4,4,0.618,5.542,6.474,6,4,4,4,4,4,0,4,0.425,7.447,8.371,8,4,4,4,4,4,4,0.412,5.813,7.259,7,5,4,4,4,4,4,4,4,4,4,4,4,4,4,4,4,4,4,4,4,4,4,4,4,4,4,4,4,4,4,4,4,4,4,4,4,4,4,4,4,4,4,4,4,4,4,4,4,4,4,4,4,4,4,4,4,4,Somewhat agree,11.429,181.022,185.119,72,4,4,4,4,4,6,14.568,15.875,6,4,4,4,4,4,4,4,4,4,0.673,10.302,11.763,10,1,1,1,1,1,1,1,7.609,25.96,27.34,11,1,1,1,1,1,1,1,1,6.973,19.963,26.333,9,3,3,3,Neither Disagree or Agree,Neither Disagree or Agree,2.399,10.983,12.703,5,3,3,3,3,Neither Disagree or Agree,3.13,8.313,9.391,7,3,3,3,3,0,3,0.759,6.25,6.602,7,3,3,Neither Disagree or Agree,Neither Disagree or Agree,3,0.91,4.701,5.585,5,5,5,5,5,5,4,4,4,4,4,NA,20,NA,NA,NA,NA,NA,NA,NA,NA,NA,NA,NA,NA,NA,NA,NA,NA,NA,96370,rep,emo_similarity_network_presurvey_sum2021,1,0,0,0 + 1 + 0,/Users/ashish/files/research/projects/alexithymia/emo_similarity_image_network/data/raw/2021-07-10/emo_similarity_network_presurvey_sum2021.csv,92,28,32,32,28,32,12,16,16,16
2021-07-07 21:21:54,2021-07-07 21:41:34,IP Address,67.180.215.5,100,1180,True,2021-07-07 21:41:34,R_3MFgO0UmjPFN8Qb,37.3881072998046875,-121.8755950927734375,anonymous,EN,1,5,4,2,2,2,3,2.069,57.51,57.971,14,5,2,2,2,2,5.374,27.802,28.91,7,5,4,6,5,4,1,2,3.409,74.861,76.045,15,3,4,1,4,5,2,8.717,37.13,37.962,12,4,5,3,5,2,5,5,3,4,5,5,3,5,5,5,4,5,5,5,5,6,3,5,6,4,6,6,3,4,4,4,4,3,3,3,5,3,6,4,5,4,4,4,4,3,1,1,5,4,6,6,6,6,4,6,4,4,Strongly agree,3.018,487.164,488.087,96,3,3,2,5,2,4.817,26.101,27.426,8,6,4,6,5,6,2,2,5,5,4.753,53.724,54.596,16,3,4,4,4,3,3,2,8.276,55.556,56.266,24,1,3,3,3,1,3,2,1,3.699,41.42,42.608,12,3,3,2,Moderately Agree,Moderately Agree,2.52,29.466,30.385,7,4,3,2,3,Strongly Agree,4.68,36.47,37.237,8,2,1,3,4,1,4,5.978,61.501,62.876,9,2,2,Moderately Agree,Strongly Agree,2,4.907,43.299,44.418,14,6,4,5,4,5,4,4,5,3,5,NA,27,NA,bachelor's degree,NA,NA,NA,NA,NA,NA,NA,NA,NA,NA,NA,NA,NA,NA,NA,96628,rep,emo_similarity_network_presurvey_sum2021,1,1,1,1 + 1 + 1,/Users/ashish/files/research/projects/alexithymia/emo_similarity_image_network/data/raw/2021-07-10/emo_similarity_network_presurvey_sum2021.csv,76,25,31,20,30,26,12,18,13,13
2021-07-07 21:12:07,2021-07-07 21:42:19,IP Address,98.234.13.138,100,1812,True,2021-07-07 21:42:20,R_1geHkU5TE0UInVD,37.4073028564453125,-121.938995361328125,anonymous,EN,1,7,4,7,6,5,6,9.327,56.147,57.549,10,7,5,6,5,6,5.481,54.843,57.021,11,6,5,7,6,5,1,7,26.58,84.493,85.554,10,5,5,6,5,5,5,11.758,40.786,42.728,8,3,4,3,5,4,5,4,3,3,3,3,4,4,4,5,3,4,4,3,4,4,4,4,3,4,4,3,4,4,3,4,4,5,3,3,4,4,3,3,5,4,4,3,3,5,4,2,4,4,4,3,4,3,3,3,3,4,Disagree,37.79,969.579,970.439,70,3,3,3,3,2,10.222,28.02,28.767,6,7,5,5,5,5,5,5,5,5,4.48,51.093,51.881,13,2,2,2,3,2,3,2,9.366,77.125,77.879,9,2,4,4,4,3,4,4,1,7.151,86.067,88.151,10,5,1,3,Moderately Disagree,Moderately Agree,8.2,52.45,53.368,9,4,3,3,4,Moderately Agree,6.268,42.161,43.029,7,4,4,4,3,1,4,3.428,43.463,44.669,7,3,5,Neither Disagree or Agree,Neither Disagree or Agree,3,5.74,43.481,46.804,5,5,7,5,6,5,7,5,6,7,5,NA,18,NA,NA,NA,NA,NA,NA,NA,NA,NA,NA,NA,NA,NA,NA,NA,NA,NA,96070,rep,emo_similarity_network_presurvey_sum2021,1,1,1,1 + 1 + 1,/Users/ashish/files/research/projects/alexithymia/emo_similarity_image_network/data/raw/2021-07-10/emo_similarity_network_presurvey_sum2021.csv,131,34,48,49,39,43,14,25,20,23
2021-07-07 21:46:45,2021-07-07 21:51:12,IP Address,24.6.171.150,100,267,True,2021-07-07 21:51:12,R_2BbQuWslV1DM1Lb,37.3372039794921875,-121.798004150390625,anonymous,EN,1,3,3,3,5,3,3,2.846,13.088,15.127,7,3,3,3,3,3,1.979,11.66,12.8,6,2,2,2,2,2,0,2,1.295,12.25,13.273,8,2,2,2,2,2,2,1.175,8.703,10.821,6,2,2,2,2,2,2,2,2,2,2,2,2,2,2,2,2,2,2,2,2,2,2,2,2,2,2,2,2,2,2,2,2,2,2,2,2,2,2,2,2,2,2,2,2,2,2,2,2,4,2,2,2,2,2,2,2,2,Disagree,3.135,66.333,67.333,59,2,2,2,2,2,1.779,7.866,9.019,5,6,4,4,4,4,4,4,4,4,2.574,20.93,23.302,9,2,2,2,2,2,2,2,1.759,10.476,11.589,7,2,2,2,2,2,2,2,2,1.912,11.706,12.956,8,2,2,2,Moderately Disagree,Moderately Disagree,1.331,8.064,9.428,5,2,2,2,2,Moderately Disagree,1.024,6.107,7.398,5,2,2,2,2,0,2,1.421,7.549,8.702,6,2,2,Moderately Disagree,Moderately Disagree,2,1.5,6.984,8.298,5,2,2,2,2,2,2,2,2,2,2,NA,26,NA,NA,NA,NA,NA,NA,NA,NA,NA,NA,NA,NA,NA,NA,NA,NA,NA,96121,rep,emo_similarity_network_presurvey_sum2021,1,0,0,0 + 1 + 0,/Users/ashish/files/research/projects/alexithymia/emo_similarity_image_network/data/raw/2021-07-10/emo_similarity_network_presurvey_sum2021.csv,59,17,22,20,17,22,7,10,10,12
2021-07-07 21:42:30,2021-07-07 21:57:06,IP Address,73.158.12.122,100,875,True,2021-07-07 21:57:06,R_DCuoEVL1TFL0EUN,37.3697967529296875,-121.81600189208984375,anonymous,EN,1,4,2,5,2,3,6,4.081,17.141,18.962,6,6,6,6,6,6,77.027,86.594,88.465,7,5,4,6,4,6,0,6,3.809,15.552,16.659,8,6,6,2,6,6,6,1.952,16.882,18.751,9,5,3,5,4,5,3,5,6,5,5,5,4,2,4,5,2,2,3,5,3,5,2,5,2,2,2,5,4,4,5,3,3,4,3,5,2,2,5,2,4,2,3,5,5,5,5,5,5,4,2,5,4,5,5,4,2,4,Disagree,68.984,421.886,422.525,86,6,6,6,6,5,2.496,7.711,8.944,5,6,2,2,4,4,2,6,4,6,2.113,27.387,28.777,12,1,1,2,1,1,2,1,2.043,17.809,19.275,11,2,2,3,2,1,2,2,1,6.05,32.66,34.881,13,3,4,3,Moderately Disagree,Moderately Agree,5.153,19.279,20.7,8,3,3,2,3,Moderately Agree,18.511,30.443,31.573,7,4,2,3,2,1,4,10.427,37.709,38.846,11,4,4,Strongly Agree,Moderately Agree,3,3.763,16.26,17.361,7,4,6,5,4,5,6,4,5,6,4,NA,20,NA,NA,NA,NA,NA,NA,NA,NA,NA,NA,NA,NA,NA,NA,NA,indonesian,NA,96013,rep,emo_similarity_network_presurvey_sum2021,1,1,0,1 + 1 + 0,/Users/ashish/files/research/projects/alexithymia/emo_similarity_image_network/data/raw/2021-07-10/emo_similarity_network_presurvey_sum2021.csv,115,33,39,43,33,39,12,21,21,18
2021-07-07 23:31:21,2021-07-07 23:56:30,IP Address,98.248.42.195,100,1508,True,2021-07-07 23:56:30,R_2QEtjByHenje5mk,37.250701904296875,-121.83599853515625,anonymous,EN,1,6,2,2,5,2,4,8.306,50.038,52.329,13,3,2,2,2,2,47.622,87.623,90.565,12,3,3,4,2,3,1,3,6.457,53.581,55.458,14,3,2,3,2,2,4,7.468,38.373,40.665,13,4,4,4,3,4,4,4,4,4,5,4,4,4,4,4,4,4,5,4,5,4,3,6,4,4,3,4,4,4,3,4,4,4,4,4,5,4,6,3,5,4,4,4,4,4,3,4,4,4,4,4,5,6,4,4,4,4,Somewhat disagree,14.134,654.909,657.472,100,5,5,5,5,6,9.279,32.961,35.153,10,5,2,3,2,2,2,2,2,2,6.946,58.011,59.905,18,1,1,1,1,1,1,1,5.345,49.076,52.615,13,1,1,1,1,1,1,1,1,20.842,84.481,85.848,18,1,2,1,Moderately Agree,Neither Disagree or Agree,22.276,52.355,54.622,10,2,2,4,3,Neither Disagree or Agree,2.373,35.363,37.245,8,2,1,2,2,1,3,7.422,57.827,59.281,11,3,4,Moderately Agree,Neither Disagree or Agree,2,7.165,46.927,48.999,15,4,5,5,5,5,5,5,5,5,5,NA,60,NA,NA,NA,NA,NA,NA,NA,NA,NA,NA,NA,NA,NA,NA,NA,NA,NA,96838,rep,emo_similarity_network_presurvey_sum2021,1,1,1,1 + 1 + 1,/Users/ashish/files/research/projects/alexithymia/emo_similarity_image_network/data/raw/2021-07-10/emo_similarity_network_presurvey_sum2021.csv,66,16,26,24,22,20,7,15,9,11
2021-07-07 02:11:30,2021-07-08 00:05:13,IP Address,98.45.177.177,100,78823,True,2021-07-08 00:05:14,R_3q8AAPR9kmJXD1t,37.39739990234375,-122.00099945068359375,anonymous,EN,1,6,7,6,3,5,6,4.475,23.581,25.377,7,6,3,3,3,5,5.087,25.734,26.898,6,7,7,6,2,2,1,5,3.055,27.84,28.958,9,5,5,3,5,5,5,711.458,737.832,738.393,9,4,6,2,5,4,5,3,5,4,4,2,4,5,3,4,5,4,3,4,5,2,5,3,5,4,5,5,3,5,5,2,4,4,5,5,5,2,4,5,4,4,5,3,5,3,4,4,5,4,4,3,5,3,2,4,5,4,Somewhat agree,6.065,205.782,212.618,62,5,5,5,3,3,5.907,21.779,23.023,5,6,3,5,6,5,4,6,2,6,4.2,26.535,27.659,9,2,2,1,2,1,1,2,4.71,20.77,21.974,7,2,1,4,3,1,2,1,2,5.611,32.438,33.437,8,4,4,2,Moderately Disagree,Moderately Agree,5.025,20.905,22.246,6,4,4,4,4,Moderately Disagree,4.13,16.308,17.658,5,3,4,4,4,1,4,5.072,25.723,27.131,6,5,5,Neither Disagree or Agree,Moderately Agree,2,5.653,23.543,24.756,6,6,6,6,3,4,4,5,5,5,3,NA,29,NA,NA,NA,NA,NA,NA,NA,NA,NA,NA,NA,NA,NA,NA,NA,NA,NA,96064,rep,emo_similarity_network_presurvey_sum2021,1,1,1,1 + 1 + 1,/Users/ashish/files/research/projects/alexithymia/emo_similarity_image_network/data/raw/2021-07-10/emo_similarity_network_presurvey_sum2021.csv,110,34,37,39,43,28,19,24,15,13
2021-07-08 00:30:33,2021-07-08 00:45:07,IP Address,69.181.253.245,100,873,True,2021-07-08 00:45:08,R_1BRWbsjhxetZNBK,37.341705322265625,-121.9752960205078125,anonymous,EN,1,2,4,7,1,1,1,7.66,25.837,27.926,8,6,1,1,1,1,6.99,23.046,25.196,6,4,7,1,1,1,1,1,4.155,23.596,24.448,8,5,5,1,1,1,1,5.485,22.382,23.453,7,3,4,5,2,1,6,4,4,4,2,4,4,2,4,4,4,3,2,4,4,4,2,4,4,4,4,6,4,5,6,4,4,1,3,4,2,3,3,3,4,4,3,4,4,6,6,5,4,4,4,4,4,4,4,2,2,6,Somewhat disagree,13.19,405.701,406.911,62,3,7,3,6,1,9.068,34.445,35.612,9,7,7,7,6,5,4,5,5,7,2.819,25.602,25.965,10,2,2,2,2,2,2,2,3.501,25.004,26.172,7,2,2,2,2,2,2,2,1,5.408,29.303,29.635,10,4,4,3,Neither Disagree or Agree,Neither Disagree or Agree,6.578,19.338,20.737,5,1,1,1,3,Strongly Agree,5.292,20.333,21.17,5,1,1,1,3,1,1,4.055,28.225,29.457,6,4,5,Neither Disagree or Agree,Strongly Agree,1,4.275,22.29,23.536,5,4,7,4,1,2,7,4,4,4,4,NA,18,NA,NA,NA,NA,NA,NA,NA,NA,NA,NA,NA,NA,NA,NA,NA,NA,NA,96244,rep,emo_similarity_network_presurvey_sum2021,1,1,1,1 + 1 + 1,/Users/ashish/files/research/projects/alexithymia/emo_similarity_image_network/data/raw/2021-07-10/emo_similarity_network_presurvey_sum2021.csv,55,20,21,14,33,8,16,17,4,4
2021-07-08 00:42:17,2021-07-08 00:47:24,IP Address,128.12.122.112,100,307,True,2021-07-08 00:47:24,R_1N2GjvEjYSvvP4X,37.423004150390625,-122.1638946533203125,anonymous,EN,1,3,3,3,2,3,4,0.657,12.077,12.979,9,2,2,3,3,2,0.485,9.671,10.566,10,2,2,3,3,3,1,2,0.528,14.205,14.575,12,3,3,2,3,2,3,0.538,8.94,9.677,9,4,4,4,4,4,4,4,4,4,4,4,4,4,4,5,4,4,5,4,4,5,4,5,4,4,5,5,5,5,4,5,5,5,5,5,4,5,4,4,5,5,4,5,4,5,4,4,4,4,4,5,5,4,4,5,5,4,Somewhat agree,1.787,63.411,66.016,78,3,3,5,4,3,0.669,8.721,9.488,7,4,5,3,5,3,2,2,2,2,1.469,17.048,18.747,12,2,2,2,2,2,2,2,2.181,9.255,10.369,7,2,1,2,2,2,2,2,1,1.586,18.241,19.545,12,3,3,2,Neither Disagree or Agree,Neither Disagree or Agree,2.691,9.44,10.805,5,3,2,2,2,Moderately Agree,0.809,9.188,9.966,6,2,2,2,2,1,2,1.236,19.574,20.442,11,2,2,Moderately Agree,Strongly Agree,3,2.664,12.763,14.724,8,5,3,6,2,4,2,3,2,2,6,NA,19,NA,NA,NA,NA,NA,NA,NA,NA,NA,NA,NA,NA,NA,NA,NA,NA,NA,6591,psychone,emo_similarity_network_presurvey_sum2021,1,1,1,1 + 1 + 1,/Users/ashish/files/research/projects/alexithymia/emo_similarity_image_network/data/raw/2021-07-10/emo_similarity_network_presurvey_sum2021.csv,61,19,21,21,18,22,8,10,11,11
2021-07-08 01:10:04,2021-07-08 01:10:09,IP Address,128.12.122.112,100,4,True,2021-07-08 01:10:09,R_2zi2NofS7ab61cC,37.423004150390625,-122.1638946533203125,anonymous,EN,NA,NA,NA,NA,NA,NA,NA,NA,NA,NA,NA,NA,NA,NA,NA,NA,NA,NA,NA,NA,NA,NA,NA,NA,NA,NA,NA,NA,NA,NA,NA,NA,NA,NA,NA,NA,NA,NA,NA,NA,NA,NA,NA,NA,NA,NA,NA,NA,NA,NA,NA,NA,NA,NA,NA,NA,NA,NA,NA,NA,NA,NA,NA,NA,NA,NA,NA,NA,NA,NA,NA,NA,NA,NA,NA,NA,NA,NA,NA,NA,NA,NA,NA,NA,NA,NA,NA,NA,NA,NA,NA,NA,NA,NA,NA,NA,NA,NA,NA,NA,NA,NA,NA,NA,NA,NA,NA,NA,NA,NA,NA,NA,NA,NA,NA,NA,NA,NA,NA,NA,NA,NA,NA,NA,NA,NA,NA,NA,NA,NA,NA,NA,NA,NA,NA,NA,NA,NA,NA,NA,NA,NA,NA,NA,NA,NA,NA,NA,NA,NA,NA,NA,NA,NA,NA,NA,NA,NA,NA,NA,NA,NA,NA,NA,NA,NA,NA,NA,NA,NA,NA,NA,NA,NA,NA,NA,NA,NA,NA,NA,NA,NA,NA,NA,NA,NA,NA,NA,NA,NA,NA,NA,NA,NA,NA,NA,NA,NA,NA,NA,NA,NA,NA,NA,NA,NA,NA,NA,NA,NA,NA,NA,NA,NA,6591,psychone,emo_similarity_network_presurvey_sum2021,0,0,0,NA,/Users/ashish/files/research/projects/alexithymia/emo_similarity_image_network/data/raw/2021-07-10/emo_similarity_network_presurvey_sum2021.csv,NA,NA,NA,NA,NA,NA,NA,NA,NA,NA
2021-07-08 00:53:27,2021-07-08 01:42:48,IP Address,98.45.177.177,100,2960,True,2021-07-08 01:42:49,R_3HhN45mbW9qT2nb,37.39739990234375,-122.00099945068359375,anonymous,EN,1,5,6,5,3,5,5,12.093,29.114,31.121,6,7,6,4,3,6,4.364,23.626,25.994,6,6,6,7,3,5,1,6,3.95,30.461,31.949,7,5,5,5,6,3,5,333.998,352.859,353.975,7,5,5,3,5,3,5,3,4,3,5,3,5,3,5,3,4,3,5,4,4,4,5,5,4,5,5,4,3,4,5,4,5,3,5,3,4,4,4,5,5,5,4,4,4,5,4,4,4,4,5,2,4,3,4,4,5,5,Somewhat agree,7.055,114.025,115.753,60,6,5,5,3,3,2.682,14.296,15.424,7,6,3,4,5,3,3,5,2,6,2.75,27.555,29.474,9,3,2,2,1,1,2,1,6.009,22.715,23.967,7,1,3,4,2,1,1,1,2,2.4,21.011,22.344,8,4,4,2,Moderately Disagree,Moderately Agree,2.25,16.7,18.352,6,4,4,4,3,Moderately Disagree,183.022,193.647,194.726,5,4,4,4,2,1,4,3.271,22.278,23.388,6,4,5,Moderately Agree,Neither Disagree or Agree,2,5.389,17.585,18.827,5,5,5,3,3,5,6,5,4,5,6,NA,29,NA,NA,NA,NA,NA,NA,NA,NA,NA,NA,NA,NA,NA,NA,NA,NA,NA,96064,rep,emo_similarity_network_presurvey_sum2021,1,1,1,1 + 1 + 1,/Users/ashish/files/research/projects/alexithymia/emo_similarity_image_network/data/raw/2021-07-10/emo_similarity_network_presurvey_sum2021.csv,117,33,39,45,40,32,17,23,16,16
2021-07-08 04:20:02,2021-07-08 04:32:52,IP Address,24.17.212.233,100,769,True,2021-07-08 04:32:53,R_3KwLTvFy1c7DoG1,47.61309814453125,-122.20529937744140625,anonymous,EN,1,5,2,6,7,6,7,6.261,32.214,33.023,10,2,5,6,5,2,5.5,21.159,22.113,7,5,3,7,5,3,1,6,7.528,33.077,33.881,7,5,3,2,5,3,7,18.851,35.754,36.125,10,4,3,4,3,2,4,4,3,6,3,5,5,3,6,5,3,4,1,6,1,4,3,3,4,1,3,4,2,5,6,1,3,1,2,4,2,2,3,2,2,1,2,4,4,5,4,4,6,4,6,5,3,3,5,2,2,6,Somewhat disagree,1.921,326.121,326.477,75,6,7,5,6,1,1.674,14.642,15.322,10,7,5,5,4,2,2,2,2,2,2.991,31.05,31.897,13,3,2,4,3,3,2,4,3.781,21.176,21.93,9,2,3,4,4,1,4,1,1,7.771,40.129,40.445,10,4,5,3,Moderately Disagree,Strongly Agree,2.643,21.283,22.26,7,4,3,1,5,Neither Disagree or Agree,4.03,15.422,15.999,6,2,2,4,2,1,1,4.234,42.046,42.517,21,2,1,Strongly Agree,Strongly Agree,4,4.505,24.915,25.64,10,6,7,2,1,4,7,6,7,7,7,NA,20,NA,NA,NA,NA,NA,NA,NA,NA,NA,NA,NA,NA,NA,NA,NA,NA,NA,6609,psychone,emo_similarity_network_presurvey_sum2021,1,1,1,1 + 1 + 1,/Users/ashish/files/research/projects/alexithymia/emo_similarity_image_network/data/raw/2021-07-10/emo_similarity_network_presurvey_sum2021.csv,107,25,40,42,25,40,8,17,17,23
2021-07-08 04:24:35,2021-07-08 04:34:12,IP Address,73.116.156.252,100,576,True,2021-07-08 04:34:12,R_7OFcOwKmEESKDkd,37.7353057861328125,-121.44029998779296875,anonymous,EN,1,5,3,2,5,3,3,5.004,32.557,33.366,9,7,2,7,2,1,6.761,29.267,30.065,9,5,5,4,5,6,1,1,7.029,65.332,66.296,11,4,4,4,4,4,4,2.318,7.721,8.636,6,4,4,4,4,4,4,4,4,4,4,4,4,4,4,4,4,4,4,4,4,4,4,4,4,4,4,4,4,4,4,4,4,4,4,4,4,4,4,4,4,4,4,4,4,4,4,4,4,4,4,4,4,4,4,4,4,4,Somewhat agree,4.05,59.423,61.618,60,6,7,7,7,1,9.54,22.235,22.635,7,4,4,4,4,4,4,4,4,4,3.52,20.309,21.077,9,2,4,3,3,2,3,4,3.875,31.393,31.915,9,2,2,2,3,4,3,2,2,77.834,114.415,115.219,9,2,3,3,Neither Disagree or Agree,Neither Disagree or Agree,8.796,21.572,21.876,7,3,3,3,3,Neither Disagree or Agree,2.379,6.644,8.05,6,3,3,3,3,0,3,0.99,6.307,7.148,6,3,3,Neither Disagree or Agree,Neither Disagree or Agree,3,0.811,4.992,5.729,5,7,7,7,7,4,4,4,4,4,5,NA,20,NA,sophomore in university,NA,NA,NA,NA,NA,NA,NA,NA,NA,NA,NA,NA,NA,NA,NA,96076,rep,emo_similarity_network_presurvey_sum2021,1,0,1,0 + 1 + 1,/Users/ashish/files/research/projects/alexithymia/emo_similarity_image_network/data/raw/2021-07-10/emo_similarity_network_presurvey_sum2021.csv,90,27,42,21,33,36,12,21,15,21
2021-07-08 04:20:04,2021-07-08 04:37:00,IP Address,24.23.140.52,100,1015,True,2021-07-08 04:37:00,R_1FzgUzO6JIW47hb,37.437103271484375,-121.8954010009765625,anonymous,EN,1,3,2,1,2,2,7,9.89,23.964,25.217,7,4,4,4,2,1,2.54,37.206,39.742,16,2,1,4,2,1,1,4,2.418,24.576,25.354,9,3,1,3,3,1,4,9.816,37.344,38.553,11,2,1,2,5,4,4,2,4,3,4,3,4,2,5,2,4,4,4,5,2,5,1,2,6,5,2,1,1,4,3,3,4,2,2,3,4,2,4,1,3,2,1,5,5,2,3,1,4,4,1,3,2,3,4,4,1,5,Strongly agree,1.725,380.436,381.301,86,4,4,3,3,1,5.14,17.136,17.954,8,7,3,4,5,4,1,5,1,4,12.28,52.189,53.745,10,1,1,1,1,1,1,1,3.712,13.67,17.275,7,1,1,1,1,1,1,2,1,5.072,39.155,41.927,14,3,3,3,Neither Disagree or Agree,Moderately Agree,17.427,35.644,39.862,8,2,1,1,3,Moderately Agree,5.109,15.447,18.218,6,3,1,2,1,1,2,2.369,42.037,42.905,7,2,1,Moderately Agree,Moderately Agree,1,5.175,24.772,26.06,6,1,4,1,1,1,5,1,2,5,1,NA,19,NA,NA,NA,NA,NA,NA,NA,NA,NA,NA,NA,NA,NA,NA,NA,NA,NA,96292,rep,emo_similarity_network_presurvey_sum2021,1,1,1,1 + 1 + 1,/Users/ashish/files/research/projects/alexithymia/emo_similarity_image_network/data/raw/2021-07-10/emo_similarity_network_presurvey_sum2021.csv,61,10,23,28,16,17,4,12,6,11
2021-07-08 06:24:46,2021-07-08 07:12:36,IP Address,76.102.46.110,100,2869,True,2021-07-08 07:12:36,R_8oDZgmeCzPpnyzT,37.393096923828125,-121.962005615234375,anonymous,EN,1,3,3,1,4,2,3,4.013,125.108,126.103,28,3,1,3,3,2,5.512,60.168,61.255,19,2,4,3,3,2,1,1,16.358,87.696,89.547,19,3,5,2,3,4,2,4.218,63.469,64.713,15,4,2,2,4,4,5,5,5,3,4,5,4,4,4,4,4,4,5,4,4,4,4,4,5,4,5,4,4,4,4,3,3,5,4,4,5,4,4,4,5,4,4,4,4,4,5,3,4,4,4,3,4,4,4,4,4,4,Somewhat agree,4.657,1344.693,1345.784,141,7,7,7,7,7,7.326,66.878,68.205,9,5,5,4,5,4,5,3,5,2,45.672,182.627,184.465,27,1,1,1,1,1,1,1,4.721,91.51,93.545,34,1,1,1,1,1,1,2,1,4.33,133.468,134.27,25,3,2,1,Neither Disagree or Agree,Neither Disagree or Agree,4.666,51.372,52.6,12,1,1,2,1,Strongly Agree,101.839,152.801,154.28,11,2,1,1,1,1,3,24.89,136.554,137.847,11,3,1,Moderately Agree,Strongly Agree,1,4.89,114.04,115.457,12,5,6,5,2,5,3,5,5,3,5,NA,41,NA,NA,NA,NA,NA,NA,NA,NA,NA,NA,NA,NA,NA,NA,NA,NA,NA,96055,rep,emo_similarity_network_presurvey_sum2021,1,1,1,1 + 1 + 1,/Users/ashish/files/research/projects/alexithymia/emo_similarity_image_network/data/raw/2021-07-10/emo_similarity_network_presurvey_sum2021.csv,62,23,24,15,23,24,12,11,11,13
2021-07-08 06:44:23,2021-07-08 07:12:53,IP Address,73.231.146.187,100,1709,True,2021-07-08 07:12:53,R_1opPekUNRiY3vM8,37.3209075927734375,-121.91259765625,anonymous,EN,1,3,3,5,3,3,5,11.024,68.535,70.373,8,5,4,5,3,5,6.66,50.183,51.232,6,6,3,5,5,3,1,5,6.567,110.707,117.812,7,5,3,4,5,3,5,5.268,30.473,31.922,6,4,4,4,4,4,3,4,3,4,4,5,5,4,3,4,4,4,4,4,4,4,3,3,4,4,4,3,3,3,4,3,4,3,4,4,4,4,4,4,4,4,3,4,3,4,3,3,4,4,4,3,4,4,4,5,4,3,Somewhat agree,29.9,652.645,655.657,65,5,4,5,4,3,8.662,36.29,37.861,6,6,5,4,5,3,4,5,5,5,8.328,65.257,67.074,10,2,1,1,1,2,1,1,10.712,102.042,103.364,10,1,1,2,2,1,1,2,1,8.053,62.89,64.218,9,2,4,3,Moderately Disagree,Moderately Agree,12.452,58.837,60.323,5,2,3,2,4,Neither Disagree or Agree,10.318,37.451,38.237,6,4,4,3,2,1,4,3.322,49.266,50.908,6,3,4,Moderately Agree,Neither Disagree or Agree,3,8.727,45.731,47.148,5,5,3,5,3,5,3,5,5,3,5,NA,18,NA,NA,NA,NA,NA,NA,NA,NA,NA,NA,NA,NA,NA,NA,NA,NA,NA,96526,rep,emo_similarity_network_presurvey_sum2021,1,1,1,1 + 1 + 1,/Users/ashish/files/research/projects/alexithymia/emo_similarity_image_network/data/raw/2021-07-10/emo_similarity_network_presurvey_sum2021.csv,96,21,37,38,28,30,9,19,12,18
2021-07-08 07:08:05,2021-07-08 07:34:12,IP Address,73.202.68.127,100,1567,True,2021-07-08 07:34:13,R_1FlBB6nyL2Ge5n6,37.30279541015625,-121.998199462890625,anonymous,EN,1,7,7,1,6,6,2,8.86,48.292,49.418,8,1,1,6,6,3,4.195,37.267,40.01,7,1,1,6,6,6,1,2,12.203,75.969,78.513,7,2,2,1,6,6,2,8.33,28.026,29.14,6,2,6,6,6,3,6,5,1,2,3,4,4,4,2,4,4,4,6,4,1,1,2,2,5,5,3,2,4,4,4,2,4,5,5,2,5,3,2,5,5,2,2,3,4,5,2,2,4,4,2,5,2,1,2,4,4,2,Somewhat agree,129.001,603.601,604.755,61,3,6,1,2,2,5.221,31.733,33.609,8,7,2,4,5,5,2,2,1,3,4.404,66.861,68.293,15,2,2,3,4,1,4,3,5.839,38.471,40.995,8,1,2,2,2,1,2,3,1,2.991,30.279,36.094,8,3,2,1,Strongly Agree,Strongly Agree,4.315,34.955,38.629,6,1,1,1,2,Strongly Agree,3.927,46.742,48.431,6,1,1,3,1,1,2,3.893,142.029,144.858,7,4,2,Strongly Disagree,Moderately Agree,3,11.495,202.079,203.336,7,2,2,2,5,1,3,2,2,1,2,NA,30,NA,NA,NA,NA,NA,NA,NA,NA,NA,NA,NA,NA,NA,NA,NA,NA,NA,96427,rep,emo_similarity_network_presurvey_sum2021,1,1,1,1 + 1 + 1,/Users/ashish/files/research/projects/alexithymia/emo_similarity_image_network/data/raw/2021-07-10/emo_similarity_network_presurvey_sum2021.csv,87,34,35,18,21,48,10,11,24,24
2021-07-08 07:14:28,2021-07-08 07:34:16,IP Address,107.199.58.158,100,1187,True,2021-07-08 07:34:16,R_3CUUSBjFd8zsMdR,37.35260009765625,-121.9541015625,anonymous,EN,1,4,6,5,4,5,4,6.69,30.732,32.399,9,3,3,4,4,6,4.556,24.939,25.409,10,4,4,4,5,4,1,4,8.548,34.4,35.86,7,4,4,4,4,4,1,4.078,17.962,20.071,6,2,3,4,1,2,4,2,3,3,2,3,3,5,4,4,4,4,3,4,4,4,4,4,4,3,3,3,3,3,4,4,4,3,4,3,4,4,3,4,4,3,3,3,4,4,5,3,3,4,4,3,4,3,4,2,3,5,Somewhat disagree,153.893,648.858,651.426,64,5,4,4,3,4,4.427,24.926,26.566,11,7,4,6,6,6,5,6,7,6,3.673,27.392,27.857,12,3,3,3,2,2,3,2,8.47,43.373,44.687,11,2,2,4,3,3,1,2,1,6.249,48.237,49.317,10,3,4,3,Neither Disagree or Agree,Neither Disagree or Agree,10.897,52.96,54.213,6,5,3,3,5,Strongly Agree,6.864,24.895,25.376,7,2,3,4,4,1,3,3.852,43.752,44.501,10,3,2,Moderately Agree,Moderately Agree,4,4.534,23.41,27.237,5,5,5,5,4,6,5,5,5,4,4,NA,22,NA,NA,NA,NA,NA,NA,NA,NA,NA,NA,NA,NA,NA,NA,NA,NA,NA,96229,rep,emo_similarity_network_presurvey_sum2021,1,1,1,1 + 1 + 1,/Users/ashish/files/research/projects/alexithymia/emo_similarity_image_network/data/raw/2021-07-10/emo_similarity_network_presurvey_sum2021.csv,94,31,32,31,29,34,14,15,17,17
2021-07-08 09:46:33,2021-07-08 09:52:18,IP Address,108.217.225.178,100,344,True,2021-07-08 09:52:18,R_u30XrO2akxgAR3z,37.528106689453125,-121.97320556640625,anonymous,EN,1,5,5,4,4,5,4,0.99,8.824,10.101,8,4,5,4,4,4,0.887,7.174,8.227,6,3,4,4,3,5,0,4,0.419,10.015,11.42,9,4,5,3,4,3,4,0.771,8.618,10.195,7,5,2,4,5,3,4,3,4,4,4,5,4,2,3,4,4,3,4,3,3,4,3,4,3,3,3,3,3,2,3,4,4,4,4,3,3,3,4,3,4,3,3,4,3,4,4,3,3,4,4,3,3,3,4,3,3,4,Somewhat disagree,3.353,131.713,133.093,72,2,5,2,2,2,1.861,10.562,12.116,6,3,4,4,5,3,4,4,3,5,0.856,12.6,14.264,10,2,2,2,2,2,2,2,2.677,12.879,14.37,8,2,2,2,2,2,2,2,3,1.684,11.682,12.733,11,3,4,2,Moderately Disagree,Moderately Agree,2.562,16.045,17.264,6,3,2,2,3,Neither Disagree or Agree,2.747,12.56,13.393,6,3,3,3,2,0,4,2.473,11.077,12.076,8,3,2,Neither Disagree or Agree,Moderately Disagree,3,0.711,6.773,7.784,7,3,4,4,5,4,5,2,3,3,4,NA,21,NA,NA,NA,NA,NA,NA,NA,NA,NA,NA,NA,NA,NA,NA,NA,NA,NA,96301,rep,emo_similarity_network_presurvey_sum2021,1,0,0,0 + 1 + 0,/Users/ashish/files/research/projects/alexithymia/emo_similarity_image_network/data/raw/2021-07-10/emo_similarity_network_presurvey_sum2021.csv,94,31,31,32,30,32,14,16,17,15
2021-07-08 13:00:19,2021-07-08 13:12:14,IP Address,134.105.119.58,100,714,True,2021-07-08 13:12:14,R_3RrqtIbtNXk7w7t,48.766998291015625,9.1826934814453125,anonymous,EN,1,5,3,2,3,2,2,6.332,34.088,34.98,9,2,2,2,2,1,4.869,18.27,19.238,8,5,3,2,5,3,1,2,3.744,24.426,25.554,7,5,3,1,5,3,5,3.771,25.678,26.808,9,5,3,4,2,4,5,3,5,4,5,5,3,1,5,5,4,1,3,5,5,5,2,5,6,2,1,5,3,5,5,4,2,2,2,6,1,1,5,1,2,4,5,5,5,1,1,4,5,4,1,5,4,5,5,6,1,1,Strongly agree,11.92,250.23,251.137,64,6,7,6,5,6,4,17.758,18.943,9,6,1,3,6,5,4,5,5,3,2.598,29.51,30.701,10,2,1,3,1,1,1,2,3.737,22.089,23.23,7,1,1,3,3,2,2,1,1,3.246,41.096,42.076,12,2,4,1,Moderately Disagree,Neither Disagree or Agree,5.975,19.385,20.362,5,2,3,1,4,Strongly Agree,2.436,17.595,18.57,6,2,1,2,1,1,3,2.58,28.986,29.973,7,1,5,Moderately Agree,Strongly Agree,4,2.677,21.644,22.977,6,6,1,6,1,5,1,5,5,1,6,NA,24,NA,NA,NA,NA,NA,NA,NA,NA,NA,NA,NA,NA,NA,NA,dominican,NA,NA,6687,psychone,emo_similarity_network_presurvey_sum2021,1,1,1,1 + 1 + 1,/Users/ashish/files/research/projects/alexithymia/emo_similarity_image_network/data/raw/2021-07-10/emo_similarity_network_presurvey_sum2021.csv,68,19,32,17,26,25,9,17,10,15
2021-07-08 18:02:23,2021-07-08 18:12:45,IP Address,67.180.111.174,100,622,True,2021-07-08 18:12:46,R_3MiKfeP1sfrUw36,37.212493896484375,-121.864105224609375,anonymous,EN,1,1,1,7,1,1,7,3.649,13.211,14.05,6,1,7,1,1,7,2.123,12.041,13.392,6,1,1,7,1,1,1,7,3.608,16.394,17.264,7,1,1,7,1,1,2,11.159,18.87,19.571,6,4,3,6,2,2,4,3,2,4,5,4,1,5,5,3,4,2,4,4,2,5,1,2,3,2,2,4,2,4,3,2,2,2,2,2,2,2,5,2,4,2,2,4,2,6,5,5,3,4,2,6,2,5,3,3,2,6,Disagree,9.469,298.85,299.55,81,6,6,2,6,6,3.151,11.991,12.86,5,1,7,1,6,2,6,1,1,1,2.16,17.534,18.473,9,2,1,1,1,1,2,2,3.417,16.507,17.402,11,2,4,2,2,1,3,1,1,1.543,65.911,66.769,12,1,1,1,Strongly Agree,Strongly Agree,2.778,10.567,11.671,5,1,1,1,1,Strongly Disagree,5.948,12.218,13.075,7,1,1,1,1,1,2,1.486,28.753,29.842,6,3,2,Strongly Agree,Strongly Disagree,2,4.911,17.981,18.369,7,2,7,2,6,5,7,2,5,7,2,NA,19,NA,NA,NA,NA,NA,NA,NA,NA,NA,NA,NA,NA,NA,NA,NA,NA,NA,6719,psychone,emo_similarity_network_presurvey_sum2021,1,1,1,1 + 1 + 1,/Users/ashish/files/research/projects/alexithymia/emo_similarity_image_network/data/raw/2021-07-10/emo_similarity_network_presurvey_sum2021.csv,66,7,8,51,7,8,3,4,4,4
2021-07-08 05:40:34,2021-07-08 18:54:00,IP Address,69.181.109.122,100,47606,True,2021-07-08 18:54:00,R_PIBIrZAjrLje5dn,37.25390625,-122.0637969970703125,anonymous,EN,1,6,4,2,2,2,2,3.471,26.898,27.298,8,6,1,3,3,2,2.378,18.319,19.173,8,7,5,3,2,5,1,2,2.495,31.282,32.495,8,6,5,2,3,3,2,26.622,38.847,40.154,6,4,5,4,5,4,6,4,4,5,5,5,4,6,4,6,4,6,5,4,6,6,5,3,4,5,6,6,5,5,5,3,6,4,5,6,5,5,5,5,5,5,5,5,4,5,3,5,4,4,5,3,4,4,4,4,5,4,Somewhat agree,9.622,356.798,358.006,64,6,4,3,3,2,10.109,53.639,55.021,5,7,3,7,7,4,5,7,2,5,2.092,35.207,36.716,12,4,4,4,4,4,3,3,3.399,90.868,93.16,8,2,3,2,3,4,3,2,1,4.205,35.788,37.306,10,4,5,4,Moderately Disagree,Moderately Agree,8.252,25.605,26.946,6,4,4,3,5,Strongly Agree,14.016,30.304,31.147,6,4,5,4,2,1,4,7.45,155.053,155.791,8,2,5,Neither Disagree or Agree,Moderately Agree,2,3.91,75.021,76.228,6,6,6,6,1,5,3,5,6,2,4,NA,21,NA,NA,NA,NA,NA,NA,NA,NA,NA,NA,NA,NA,NA,NA,NA,NA,NA,96829,rep,emo_similarity_network_presurvey_sum2021,1,1,1,1 + 1 + 1,/Users/ashish/files/research/projects/alexithymia/emo_similarity_image_network/data/raw/2021-07-10/emo_similarity_network_presurvey_sum2021.csv,78,27,35,16,39,23,14,25,13,10
2021-07-07 22:11:14,2021-07-08 19:28:08,IP Address,98.234.13.138,100,76614,True,2021-07-08 19:28:09,R_VVhlIMuDCm6YxtD,37.4073028564453125,-121.938995361328125,anonymous,EN,1,6,5,7,6,5,5,87.166,117.854,118.838,6,6,7,6,5,6,14.381,85.069,86.264,8,6,5,6,5,5,1,6,5.446,49.975,52.463,7,5,5,6,5,5,6,13.981,37.446,39.049,7,3,4,3,5,3,4,4,3,3,4,3,4,4,4,4,3,4,4,3,4,3,4,3,2,4,4,3,3,3,4,3,4,4,4,3,3,3,4,4,3,3,4,3,3,5,3,3,5,4,4,3,3,3,3,4,3,5,Somewhat disagree,8.907,511.798,514.598,70,3,3,3,3,2,19.398,37.816,40.564,5,5,5,6,4,5,4,5,5,5,4.672,59.689,59.967,13,3,3,3,3,1,4,3,17.174,55.772,56.618,7,2,3,4,3,3,3,4,1,11.523,53.429,54.289,10,4,4,3,Moderately Disagree,Moderately Agree,8.644,34.639,35.518,5,3,3,4,4,Moderately Disagree,13.283,31.575,33.134,8,4,3,4,3,1,4,4.436,53.588,54.626,8,3,5,Neither Disagree or Agree,Moderately Disagree,3,10.24,80.981,81.551,7,5,6,5,6,5,6,5,5,6,5,NA,18,NA,NA,NA,NA,NA,NA,NA,NA,NA,NA,NA,NA,NA,NA,NA,NA,NA,96070,rep,emo_similarity_network_presurvey_sum2021,1,1,1,1 + 1 + 1,/Users/ashish/files/research/projects/alexithymia/emo_similarity_image_network/data/raw/2021-07-10/emo_similarity_network_presurvey_sum2021.csv,129,35,45,49,38,42,15,23,20,22
2021-07-08 15:20:23,2021-07-08 19:46:56,IP Address,138.199.30.187,100,15992,True,2021-07-08 19:46:57,R_295GMelrsGPD9hI,51.5095062255859375,-0.0955047607421875,anonymous,EN,1,7,5,7,1,1,7,4.911,25.586,27.597,7,7,5,7,2,6,4.301,50.91,51.977,7,6,2,6,2,2,1,5,20.179,55.028,57.037,9,2,5,6,2,2,6,7.885,65.519,69.47,6,4,5,1,6,6,6,6,4,5,5,5,1,1,1,4,2,6,6,4,5,5,6,5,3,3,5,6,5,6,5,5,5,5,2,5,4,4,5,5,4,3,2,4,2,5,6,2,5,4,5,2,5,5,4,2,2,5,Disagree,63.731,1529.057,1530.232,62,2,5,2,6,2,10.812,33.458,33.892,6,6,5,3,3,5,3,3,3,5,4.272,900.996,902.43,12,2,2,2,3,3,4,2,20.091,40.906,41.835,8,2,2,3,4,4,3,4,2,8.707,77.867,82.793,8,4,5,4,Strongly Disagree,Moderately Agree,128.307,145.038,146.715,5,4,4,3,4,Strongly Agree,5.294,24.749,25.633,5,4,4,3,4,1,5,5.25,58.302,60.32,6,5,5,Moderately Agree,Strongly Agree,1,5.2,84.223,85.312,6,3,7,1,5,2,6,2,5,6,3,NA,19,NA,NA,NA,NA,NA,NA,NA,NA,NA,NA,NA,NA,NA,NA,NA,NA,assyrian,96274,rep,emo_similarity_network_presurvey_sum2021,1,1,1,1 + 1 + 1,/Users/ashish/files/research/projects/alexithymia/emo_similarity_image_network/data/raw/2021-07-10/emo_similarity_network_presurvey_sum2021.csv,101,19,34,48,34,19,12,22,7,12
2021-07-08 20:31:01,2021-07-08 20:41:51,IP Address,171.66.12.200,100,649,True,2021-07-08 20:41:51,R_24f6rkIumDEEUOK,37.423004150390625,-122.1638946533203125,anonymous,EN,1,4,5,5,5,3,3,9.937,15.906,17.9,6,5,3,4,3,5,8.118,15.257,16.685,6,4,5,5,4,3,1,3,10.638,19.213,20.403,7,5,3,5,3,5,5,7.74,13.854,15.751,6,3,2,2,5,3,5,2,2,2,2,4,2,5,2,3,3,2,3,4,2,4,3,3,3,2,4,3,2,5,2,4,3,4,2,2,3,3,4,2,4,4,3,3,3,2,4,3,3,4,3,2,2,3,4,4,2,3,Disagree,12.023,245.272,248.005,60,5,5,5,5,5,8.962,16.15,17.001,10,6,2,3,5,5,4,4,5,2,7.984,51.25,52.901,11,4,4,3,4,4,3,1,3.92,22.669,24.681,7,2,3,4,3,3,1,2,2,4.423,20.985,22.302,13,3,2,3,Moderately Agree,Neither Disagree or Agree,24.381,31.98,33,6,3,2,4,4,Neither Disagree or Agree,5.017,9.163,10.438,5,1,3,3,4,1,4,12.097,21.269,24.902,6,2,3,Neither Disagree or Agree,Moderately Agree,4,7.701,13.921,15.457,7,5,6,5,4,2,5,2,5,5,5,NA,20,NA,NA,NA,NA,NA,NA,NA,NA,NA,NA,NA,NA,NA,NA,NA,NA,NA,6658,psychone,emo_similarity_network_presurvey_sum2021,1,1,1,1 + 1 + 1,/Users/ashish/files/research/projects/alexithymia/emo_similarity_image_network/data/raw/2021-07-10/emo_similarity_network_presurvey_sum2021.csv,95,27,34,34,31,30,13,18,14,16
2021-07-08 18:39:09,2021-07-08 20:42:12,IP Address,98.248.42.195,100,7382,True,2021-07-08 20:42:12,R_3CCsaICiwVyDFYC,37.250701904296875,-121.83599853515625,anonymous,EN,1,3,2,3,3,7,3,1.778,302.255,304.199,12,4,3,3,3,3,4.788,170.656,173.819,11,3,3,3,2,3,1,3,4.852,52.833,54.533,15,3,3,2,2,2,2,1.884,36.511,38.609,12,4,4,4,4,4,4,4,4,4,4,4,4,3,3,3,4,4,3,4,3,5,3,5,3,3,4,4,4,3,3,3,4,4,4,4,4,4,5,4,4,4,3,4,4,3,4,3,4,4,4,4,4,5,4,3,4,4,Somewhat agree,23.531,1336.067,1338.639,106,4,4,5,4,6,5.553,28.788,31.532,10,2,2,2,6,1,1,1,1,1,6.719,68.901,70.415,17,1,1,1,1,1,1,1,4.576,78.92,80.841,16,1,1,1,2,2,1,1,1,1.842,61.228,62.812,18,2,3,1,Neither Disagree or Agree,Moderately Disagree,10.553,146.224,148.18,10,1,2,2,2,Moderately Agree,77.111,108.647,111.067,10,2,2,2,1,1,2,2.066,66.569,70.352,12,4,4,Strongly Agree,Neither Disagree or Agree,2,63.797,195.318,197.479,10,3,3,5,3,5,4,5,5,4,4,NA,60,NA,NA,NA,NA,NA,NA,NA,NA,NA,NA,NA,NA,NA,NA,NA,NA,NA,96838,rep,emo_similarity_network_presurvey_sum2021,1,1,1,1 + 1 + 1,/Users/ashish/files/research/projects/alexithymia/emo_similarity_image_network/data/raw/2021-07-10/emo_similarity_network_presurvey_sum2021.csv,68,23,23,22,21,25,8,13,15,10
2021-07-08 20:28:17,2021-07-08 20:42:20,IP Address,172.15.9.235,100,842,True,2021-07-08 20:42:20,R_1hXqnRHM3Q1YVcg,37.2821044921875,-121.83100128173828125,anonymous,EN,1,2,2,2,2,3,2,7.68,19.463,20.701,9,2,1,2,2,2,3.671,17.656,19.64,9,2,2,2,2,2,1,1,3.473,19.327,20.263,8,2,2,2,2,2,2,3.348,14.149,14.914,6,2,2,5,3,2,4,5,4,5,4,5,3,2,4,4,4,5,3,5,3,6,2,5,5,3,4,4,4,3,4,2,4,3,2,4,2,2,5,2,2,2,1,4,5,2,2,4,4,4,2,6,4,5,4,4,2,2,Agree,17.678,448.428,451.171,76,2,4,1,1,3,2.407,15.683,16.745,5,6,2,5,3,4,3,5,2,2,3.822,43.741,44.885,10,3,3,3,2,3,2,1,5.117,24.216,25.498,7,3,3,2,1,1,1,1,1,5.347,32.417,33.329,9,2,2,1,Moderately Agree,Moderately Agree,10.44,20.735,22.219,6,2,2,2,2,Moderately Agree,2.932,23.538,24.507,5,2,2,2,2,1,3,3.073,37.667,38.524,6,2,2,Moderately Agree,Moderately Agree,2,6.298,17.787,18.794,5,2,2,2,2,5,2,2,5,2,2,NA,22,NA,bs,NA,NA,NA,NA,NA,NA,NA,NA,NA,NA,NA,middle eastern,NA,NA,NA,96073,rep,emo_similarity_network_presurvey_sum2021,1,1,1,1 + 1 + 1,/Users/ashish/files/research/projects/alexithymia/emo_similarity_image_network/data/raw/2021-07-10/emo_similarity_network_presurvey_sum2021.csv,45,15,16,14,14,17,6,8,9,8
2021-07-08 21:17:21,2021-07-08 21:33:12,IP Address,128.12.123.148,100,950,True,2021-07-08 21:33:12,R_BxC1YYiCp68vsRz,37.423004150390625,-122.1638946533203125,anonymous,EN,1,5,3,4,2,2,2,9.843,20.012,21.308,7,6,5,3,3,5,28.546,37.364,38.265,6,5,2,6,5,2,1,6,1.843,147.897,148.767,7,3,2,2,2,5,5,0.97,8.751,9.577,7,4,6,4,5,5,3,1,2,4,4,5,5,4,4,4,4,4,5,5,4,3,5,5,5,4,5,6,3,4,5,5,6,4,3,5,4,5,5,4,3,4,4,4,5,4,5,4,5,4,4,5,4,6,3,5,5,4,Somewhat agree,22.355,172.622,174.194,60,6,6,6,6,6,3.623,58.45,61.09,5,4,2,2,3,3,2,2,1,2,3.487,97.899,99.19,12,2,1,1,1,1,1,1,1.933,8.443,9.308,7,1,1,1,1,1,1,1,1,4.084,11.647,12.584,8,1,1,1,Moderately Agree,Strongly Agree,30.178,60.518,61.354,8,4,1,1,1,Moderately Agree,2.805,47.999,49.286,5,2,4,1,1,1,4,43.896,94.197,96.031,7,2,4,Strongly Agree,Moderately Agree,1,4.376,61.59,62.327,6,6,7,6,6,4,2,6,6,6,5,NA,21,NA,NA,NA,NA,NA,NA,NA,NA,NA,NA,NA,NA,NA,NA,NA,NA,NA,6652,psychone,emo_similarity_network_presurvey_sum2021,1,1,1,1 + 1 + 1,/Users/ashish/files/research/projects/alexithymia/emo_similarity_image_network/data/raw/2021-07-10/emo_similarity_network_presurvey_sum2021.csv,85,19,31,35,26,24,7,19,12,12
2021-07-08 22:09:52,2021-07-08 22:32:08,IP Address,73.202.30.75,100,1336,True,2021-07-08 22:32:09,R_2Pjrcgnyh1s9Anm,37.341705322265625,-121.9752960205078125,anonymous,EN,1,1,1,1,1,4,5,2.793,29.876,31.668,6,1,1,1,1,1,461.123,468.689,469.631,6,1,3,1,1,1,1,1,1.43,18.436,20.279,7,1,1,1,1,1,1,5.127,13.483,14.55,6,6,4,3,4,4,2,3,4,4,3,4,3,4,4,4,5,4,1,6,5,6,2,6,4,3,4,4,1,5,4,4,4,1,4,6,2,2,6,3,1,6,4,6,6,4,1,6,6,4,6,6,6,6,6,6,4,4,Strongly agree,24.035,500.374,501.228,59,5,7,7,7,3,3.081,14.282,16.456,6,7,4,7,5,1,1,5,1,1,2.455,21.9,23.061,10,1,1,2,1,1,3,2,6.016,27.113,28.979,9,1,1,2,2,1,1,1,1,3.62,23.052,24.313,8,1,1,1,Strongly Agree,Strongly Agree,6.49,13.764,15.27,5,1,4,3,1,Strongly Agree,2.489,12.983,13.933,6,1,2,1,1,1,4,3.141,20.435,21.549,7,2,1,Strongly Agree,Strongly Agree,1,58.5,70.47,71.921,5,7,1,4,1,6,4,6,6,7,7,NA,22,NA,bs degree,NA,NA,NA,NA,NA,NA,NA,NA,NA,NA,NA,NA,NA,NA,NA,96934,rep,emo_similarity_network_presurvey_sum2021,1,1,1,1 + 1 + 1,/Users/ashish/files/research/projects/alexithymia/emo_similarity_image_network/data/raw/2021-07-10/emo_similarity_network_presurvey_sum2021.csv,32,12,8,12,9,11,5,4,7,4
2021-07-08 02:02:49,2021-07-08 22:39:51,IP Address,98.45.177.177,100,74221,True,2021-07-08 22:39:51,R_31vDWZjrsn6PZCv,37.39739990234375,-122.00099945068359375,anonymous,EN,1,5,6,3,3,6,5,18.961,36.479,37.801,6,5,5,5,3,3,58.945,86.792,88.129,7,5,5,4,4,4,0,5,2.84,17.062,18.275,7,5,4,5,6,4,6,7.651,49.848,51.314,6,5,5,3,4,5,5,5,4,4,3,5,3,5,4,4,5,4,5,4,5,4,3,5,4,5,4,5,3,4,5,5,5,5,4,4,4,4,4,4,4,4,4,4,4,5,5,5,4,4,5,4,4,4,5,5,4,4,Agree,198.403,719.797,721.732,59,5,5,5,3,3,3.684,33.223,34.381,5,5,4,5,5,5,5,5,2,5,4.231,38.186,39.368,9,3,3,2,1,1,2,3,2.356,19.245,20.98,7,2,2,2,2,1,1,1,1,44.003,64.404,65.628,8,4,4,2,Moderately Agree,Moderately Agree,3.358,15.069,16.478,6,4,2,4,4,Moderately Disagree,4.157,13.023,14.649,5,4,4,3,2,1,4,5.398,21.493,22.628,6,5,4,Moderately Agree,Moderately Disagree,2,4.429,15.155,16.278,6,5,5,5,2,5,5,6,3,3,5,NA,29,NA,NA,NA,NA,NA,NA,NA,NA,NA,NA,NA,NA,NA,NA,NA,NA,NA,96064,rep,emo_similarity_network_presurvey_sum2021,1,1,0,1 + 1 + 0,/Users/ashish/files/research/projects/alexithymia/emo_similarity_image_network/data/raw/2021-07-10/emo_similarity_network_presurvey_sum2021.csv,106,32,38,36,35,35,15,20,17,18
2021-07-08 22:30:23,2021-07-08 22:42:40,IP Address,47.45.70.253,100,737,True,2021-07-08 22:42:41,R_b11k6QlVuY9PAml,37.015594482421875,-121.5778961181640625,anonymous,EN,1,7,7,4,7,7,7,9.323,112.52,113.621,10,7,4,7,4,4,5.433,26.751,27.74,6,7,7,4,7,7,1,4,5.122,55.894,56.971,7,7,7,4,4,4,4,4.779,23.544,24.564,6,4,4,4,4,4,3,6,2,6,3,2,4,3,4,3,4,4,3,3,4,4,6,3,5,3,4,3,4,1,5,1,4,4,3,5,3,5,4,3,4,4,3,1,6,3,3,4,3,4,3,5,3,5,3,5,3,5,Somewhat agree,4.662,91.749,103.277,59,6,6,7,7,7,6.181,20.986,22.029,5,1,1,7,7,7,7,7,7,7,3.082,30.825,31.912,9,3,2,3,2,2,2,2,2.548,17.364,18.047,8,3,3,3,3,2,3,2,2,6.38,19.588,20.506,8,4,5,5,Moderately Agree,Strongly Agree,5.27,24.418,25.436,5,5,5,5,5,Strongly Agree,3.482,46.604,47.657,6,5,5,5,5,1,5,8.348,38.532,39.506,6,5,5,Strongly Disagree,Strongly Agree,4,5.889,50.765,52.156,6,4,7,6,7,7,1,7,1,1,1,NA,35,NA,NA,NA,NA,NA,NA,NA,NA,NA,NA,NA,NA,NA,NA,NA,NA,NA,96001,rep,emo_similarity_network_presurvey_sum2021,1,1,1,1 + 1 + 1,/Users/ashish/files/research/projects/alexithymia/emo_similarity_image_network/data/raw/2021-07-10/emo_similarity_network_presurvey_sum2021.csv,131,43,53,35,49,47,21,28,22,25
2021-07-08 22:41:26,2021-07-08 22:59:47,IP Address,73.14.218.191,100,1100,True,2021-07-08 22:59:48,R_2CQwwn3FelBX6KU,39.6663055419921875,-104.83429718017578125,anonymous,EN,1,6,3,2,2,3,2,5.251,18.392,19.912,6,2,1,2,3,1,4.647,23.965,25.355,7,6,5,3,4,3,1,1,7.742,36.098,37.309,8,5,2,1,2,3,1,5.122,17.446,18.818,7,4,3,2,3,4,3,4,2,4,4,6,3,6,5,4,2,2,2,3,4,3,5,4,3,4,3,5,6,2,3,4,2,5,4,3,4,3,4,4,4,3,5,2,5,3,4,2,4,3,4,4,5,3,4,3,5,3,Somewhat agree,6.893,91.065,92.243,61,3,2,1,5,1,2.413,11.756,12.829,6,7,2,5,5,6,4,6,5,6,2.54,20.043,21.83,9,4,4,4,3,2,4,4,2.444,17.49,19.128,7,3,4,2,3,1,4,2,1,2.209,26.258,27.027,11,2,4,4,Neither Disagree or Agree,Moderately Agree,605.547,620.046,621.115,6,2,3,1,4,Moderately Agree,3.334,14.286,15.458,5,4,2,5,5,1,2,7.532,38.543,39.646,6,4,4,Moderately Agree,Neither Disagree or Agree,1,20.053,37.821,40.339,6,4,2,5,2,3,2,5,5,2,5,NA,18,NA,NA,NA,NA,NA,NA,NA,NA,NA,NA,NA,NA,NA,NA,NA,NA,NA,6598,psychone,emo_similarity_network_presurvey_sum2021,0,1,1,1 + 0 + 1,/Users/ashish/files/research/projects/alexithymia/emo_similarity_image_network/data/raw/2021-07-10/emo_similarity_network_presurvey_sum2021.csv,63,22,29,12,29,22,10,19,12,10
2021-07-07 22:26:51,2021-07-08 23:05:46,IP Address,98.234.34.134,100,88735,True,2021-07-08 23:05:46,R_wZ60ep3g5OymIX7,37.269195556640625,-121.845001220703125,anonymous,EN,1,6,5,5,1,2,2,12.026,118.975,120.388,6,6,2,1,1,1,14.709,65.947,67.991,8,6,6,5,2,2,1,1,11.734,105.024,108.42,8,6,5,1,1,1,1,27.564,181.982,183.302,8,6,6,4,6,4,2,5,6,6,6,6,5,2,5,5,6,5,3,5,6,6,5,6,4,4,5,5,3,4,4,5,2,4,5,5,3,4,6,4,6,5,5,6,5,5,4,5,5,4,4,6,6,6,6,4,2,4,Strongly agree,22.779,854.323,859.269,67,7,7,7,7,7,5.929,18.552,19.937,5,6,2,5,2,3,1,7,5,6,6.55,100.155,101.959,10,1,1,2,2,2,2,1,12.437,68.042,69.566,8,1,1,2,2,1,1,1,1,8.902,87.834,89.248,8,1,2,4,Moderately Agree,Strongly Agree,77.05,190.82,193.148,6,2,4,2,4,Strongly Agree,9.028,39.821,42.589,6,5,2,2,2,1,4,5.292,61.084,62.458,7,1,5,Strongly Agree,Strongly Agree,3,6.872,100.437,101.741,5,6,5,7,1,7,3,7,7,5,7,NA,21,NA,NA,NA,NA,NA,NA,NA,NA,NA,NA,NA,NA,NA,NA,NA,NA,NA,96307,rep,emo_similarity_network_presurvey_sum2021,1,1,1,1 + 1 + 1,/Users/ashish/files/research/projects/alexithymia/emo_similarity_image_network/data/raw/2021-07-10/emo_similarity_network_presurvey_sum2021.csv,69,22,29,18,40,11,16,24,6,5
2021-07-08 23:20:40,2021-07-08 23:41:02,IP Address,174.194.129.215,100,1222,True,2021-07-08 23:41:03,R_1cUlNUwqFBbhiU6,37.8332977294921875,-121.9208984375,anonymous,EN,1,2,2,3,1,4,3,5.701,29.556,30.961,8,3,2,3,2,2,3.503,20.538,21.724,8,2,2,2,3,3,1,2,5.894,31.219,32.172,8,2,3,1,3,2,2,4.454,22.628,26.245,7,5,3,5,3,4,5,5,6,6,5,6,3,3,5,6,5,3,4,6,4,5,4,5,5,3,4,3,5,4,6,5,3,4,3,5,3,5,5,3,3,5,5,4,4,2,3,2,6,4,4,6,5,5,5,4,3,2,Agree,0.643,264.22,265.557,156,5,5,5,6,3,4.361,23.231,25.206,5,6,2,4,5,3,3,3,2,2,3.427,35.469,36.83,10,2,1,2,1,1,1,2,11.052,34.817,36.201,7,1,1,2,2,1,1,2,1,3.551,27.638,29.462,8,2,1,3,Moderately Agree,Moderately Agree,4.897,15.027,16.453,5,1,2,2,2,Strongly Agree,2.84,15.986,17.036,6,1,2,1,1,1,3,5.962,26.075,27.025,6,3,2,Moderately Agree,Moderately Agree,2,138.251,189.129,191.92,7,6,3,5,2,6,2,4,6,3,6,NA,21,NA,bachelor's degree,NA,NA,NA,NA,NA,NA,NA,NA,NA,NA,NA,NA,NA,NA,NA,79336,rep,emo_similarity_network_presurvey_sum2021,1,1,1,1 + 1 + 1,/Users/ashish/files/research/projects/alexithymia/emo_similarity_image_network/data/raw/2021-07-10/emo_similarity_network_presurvey_sum2021.csv,54,18,19,17,16,21,7,9,11,10
2021-07-08 23:30:17,2021-07-08 23:50:56,IP Address,64.25.27.224,100,1239,True,2021-07-08 23:50:56,R_3HXHfw2mClmcYkE,40.671295166015625,-73.8943023681640625,anonymous,EN,1,4,4,1,1,1,4,8.992,38.068,39.009,6,1,1,1,1,4,5.566,71.825,73.995,6,1,1,1,1,1,1,1,3.673,47.627,48.503,7,1,1,1,1,1,1,11.911,32.328,32.894,7,6,3,6,1,6,1,6,6,6,6,6,6,1,6,3,6,1,1,6,6,6,1,6,6,1,1,6,3,3,6,6,3,1,1,6,1,1,6,1,1,4,4,6,6,1,1,1,1,4,1,6,6,6,6,6,1,1,Strongly agree,53.973,620.397,621.119,60,5,5,5,5,6,4.864,18.454,20.464,5,1,1,4,7,7,7,7,7,7,8.278,37.49,39.115,9,2,2,2,2,2,2,1,3.952,31.788,32.031,9,1,2,2,2,1,1,2,1,10.512,54.298,55.162,9,1,1,1,Strongly Agree,Strongly Agree,7.14,25.378,26.761,5,1,1,1,1,Strongly Agree,8.657,26.606,28,6,1,1,1,1,1,3,10.706,45.477,46.947,6,1,1,Strongly Agree,Strongly Agree,1,5.324,27.421,28.354,5,7,1,7,1,7,1,7,7,1,7,NA,28,NA,NA,NA,NA,NA,NA,NA,NA,NA,NA,NA,NA,NA,NA,mexican,NA,NA,96286,rep,emo_similarity_network_presurvey_sum2021,1,1,1,1 + 1 + 1,/Users/ashish/files/research/projects/alexithymia/emo_similarity_image_network/data/raw/2021-07-10/emo_similarity_network_presurvey_sum2021.csv,35,10,11,14,13,8,6,7,4,4
2021-07-09 00:07:27,2021-07-09 00:15:54,IP Address,67.247.127.78,100,507,True,2021-07-09 00:15:55,R_2Vdn98OuB8exVO2,40.7808990478515625,-73.95020294189453125,anonymous,EN,1,3,2,6,5,5,5,6.057,18.888,20.672,6,6,6,3,3,6,22.125,36.528,38.539,6,5,3,3,3,3,1,6,2.675,46.349,47.461,7,6,6,3,3,3,6,6.438,17.162,18.738,6,4,2,2,2,2,4,4,2,4,4,4,4,4,2,4,4,5,4,4,4,4,4,4,4,4,4,4,4,4,4,4,4,4,4,4,4,4,4,4,4,4,4,4,4,4,4,4,4,4,4,4,4,4,4,4,4,4,Somewhat agree,22.133,138.831,139.527,60,6,3,6,6,2,2.128,12.678,13.478,5,6,2,5,5,4,4,4,5,3,2.68,27.381,28.394,9,3,3,2,3,3,3,3,1.876,14.987,16.089,7,2,2,2,4,3,3,3,1,7.535,30.793,32.47,9,3,3,3,Neither Disagree or Agree,Neither Disagree or Agree,3.193,8.362,9.417,5,3,3,3,3,Neither Disagree or Agree,4.47,10.056,10.932,5,3,3,3,3,1,3,0.674,29.047,30.003,6,5,5,Strongly Agree,Moderately Agree,3,2.536,13.242,14.501,5,6,6,6,3,6,6,6,5,4,4,NA,22,NA,NA,NA,NA,NA,NA,NA,NA,NA,NA,NA,NA,NA,NA,NA,NA,NA,6720,psychone,emo_similarity_network_presurvey_sum2021,1,1,1,1 + 1 + 1,/Users/ashish/files/research/projects/alexithymia/emo_similarity_image_network/data/raw/2021-07-10/emo_similarity_network_presurvey_sum2021.csv,100,25,34,41,31,28,11,20,14,14
2021-07-09 00:57:46,2021-07-09 01:17:23,IP Address,107.199.58.158,100,1177,True,2021-07-09 01:17:24,R_1pGuw2FmkMGBRPh,37.35260009765625,-121.9541015625,anonymous,EN,1,4,4,4,4,4,4,6.272,15.656,16.532,9,4,4,4,5,3,1.073,8.324,9.834,6,3,3,5,5,4,0,4,2.654,12.949,14.208,7,6,4,6,5,4,2,8.281,17.739,19.032,7,3,4,2,3,3,4,4,4,3,3,4,3,2,3,2,3,3,4,2,3,2,5,4,3,3,4,3,4,2,3,2,4,4,3,4,3,2,3,3,5,3,3,2,4,3,2,3,2,3,2,4,3,3,2,4,2,4,Disagree,269.387,352.272,354.016,69,5,5,5,5,4,95.128,103.257,104.244,6,6,4,5,5,5,5,5,5,5,22.474,37.62,38.478,10,2,2,2,2,2,2,2,2.332,11.537,12.513,10,2,2,2,2,2,3,3,2,212.637,232.496,235.133,10,2,4,3,Moderately Agree,Moderately Disagree,23.878,36.044,37.661,6,5,3,3,4,Moderately Agree,211.874,220.812,221.76,9,3,3,3,3,1,3,1.184,14.061,15.473,7,3,3,Neither Disagree or Agree,Neither Disagree or Agree,3,4.694,14.169,15.837,6,4,4,4,3,4,4,5,5,3,4,NA,22,NA,NA,NA,NA,NA,NA,NA,NA,NA,NA,NA,NA,NA,NA,NA,NA,NA,96229,rep,emo_similarity_network_presurvey_sum2021,0,1,0,1 + 0 + 0,/Users/ashish/files/research/projects/alexithymia/emo_similarity_image_network/data/raw/2021-07-10/emo_similarity_network_presurvey_sum2021.csv,95,28,35,32,28,35,11,17,17,18
2021-07-09 01:18:58,2021-07-09 01:40:45,IP Address,171.66.13.31,100,1306,True,2021-07-09 01:40:45,R_24u8KHIJJE7paOj,37.423004150390625,-122.1638946533203125,anonymous,EN,1,6,6,3,1,1,3,9.509,88.269,89.496,14,1,1,1,1,4,3.417,41.674,42.968,16,7,7,1,1,1,1,1,4.901,43.746,46.385,15,1,6,1,1,1,1,7.97,66.739,68.406,14,5,4,6,6,4,5,5,5,5,6,6,4,4,6,5,5,4,4,6,6,4,5,5,6,4,5,6,4,4,6,6,2,4,3,5,5,4,6,4,6,6,6,6,6,2,3,4,6,4,5,6,4,6,4,6,4,2,Strongly agree,6.971,434.014,435.154,101,5,5,4,5,6,2.077,22.048,23.101,10,7,7,7,7,7,6,6,7,7,2.215,38.604,39.75,17,4,4,4,4,4,2,2,2.791,29.518,30.984,12,2,3,4,4,1,2,3,3,7.826,61.824,66.808,19,5,5,5,Neither Disagree or Agree,Neither Disagree or Agree,1.73,31.13,32.957,11,5,5,1,5,Strongly Agree,4.138,27.645,28.968,9,1,1,5,5,1,1,27.806,100.499,101.783,10,3,1,Strongly Agree,Strongly Agree,1,3.472,54.057,55.381,10,5,1,5,1,5,2,7,5,5,7,NA,20,NA,rising junior,NA,NA,NA,NA,NA,NA,NA,NA,NA,NA,NA,NA,mexican,NA,NA,6623,psychone,emo_similarity_network_presurvey_sum2021,1,1,1,1 + 1 + 1,/Users/ashish/files/research/projects/alexithymia/emo_similarity_image_network/data/raw/2021-07-10/emo_similarity_network_presurvey_sum2021.csv,57,23,19,15,34,8,19,15,4,4
2021-07-09 01:37:10,2021-07-09 02:41:37,IP Address,73.63.226.179,100,3866,True,2021-07-09 02:41:38,R_pyHVjkhjufCmcTv,37.3697967529296875,-121.81600189208984375,anonymous,EN,1,5,6,3,3,4,6,74.756,114.917,116.131,9,6,2,5,5,3,13.97,47.721,49.882,6,6,6,3,5,4,1,3,53.369,500.236,501.388,7,6,6,3,5,6,2,81.67,629.057,630.244,14,5,6,6,5,4,4,5,5,5,5,5,4,4,5,5,4,4,5,4,4,4,5,5,5,4,4,5,4,4,5,4,5,5,6,5,4,4,5,5,5,6,3,4,4,5,3,5,5,4,5,4,5,5,4,6,4,3,Somewhat agree,15.275,1012.733,1013.987,71,5,2,5,6,5,7.951,163.02,164.011,8,7,3,4,6,6,7,6,6,6,8.029,202.898,204.592,40,2,2,3,2,2,2,3,7.782,38.33,39.385,8,3,2,1,2,2,2,2,2,9.259,59.457,60.857,8,2,4,4,Moderately Disagree,Strongly Agree,16.319,59.897,61.107,10,5,4,4,3,Strongly Agree,11.915,70.843,72.382,13,2,4,4,4,1,5,8.352,38.039,39.144,6,4,4,Strongly Agree,Strongly Agree,3,6.146,56.751,58.498,12,6,7,7,4,6,4,7,6,6,7,NA,25,NA,NA,NA,NA,NA,NA,NA,NA,NA,NA,NA,NA,NA,NA,NA,NA,NA,96265,rep,emo_similarity_network_presurvey_sum2021,1,1,1,1 + 1 + 1,/Users/ashish/files/research/projects/alexithymia/emo_similarity_image_network/data/raw/2021-07-10/emo_similarity_network_presurvey_sum2021.csv,103,37,41,25,41,37,18,23,19,18
2021-07-09 03:12:31,2021-07-09 03:51:50,IP Address,103.145.73.80,100,2359,True,2021-07-09 03:51:51,R_29tb3lpITcTrD4W,22.2577972412109375,114.16571044921875,anonymous,EN,1,2,2,4,2,2,5,6.524,101.532,102.512,10,3,3,3,3,1,3.996,19.732,22.815,7,2,2,2,2,2,0,1,2.979,22.009,22.691,7,2,2,1,2,2,1,58.2,66.967,67.7,7,4,3,4,4,4,3,5,3,4,4,4,4,4,4,3,4,3,4,4,2,5,3,3,3,4,4,5,3,3,4,4,3,3,3,4,4,3,3,3,4,4,4,3,3,3,4,4,5,4,4,4,3,3,5,3,3,5,Somewhat disagree,86.691,1480.683,1481.312,85,3,4,4,4,2,4.685,15.066,15.847,6,4,2,3,5,4,4,5,3,4,1.409,65.481,66.267,11,1,2,2,2,2,1,1,0.97,34.712,35.604,9,1,2,2,1,1,2,2,1,8.412,54.538,55.204,22,2,2,2,Moderately Disagree,Neither Disagree or Agree,42.71,58.236,59.371,5,2,2,3,2,Moderately Agree,10.044,24.804,25.542,5,3,3,2,1,1,3,29.4,63.834,64.625,8,4,3,Moderately Agree,Moderately Agree,3,156.641,176.331,177.025,21,5,6,3,5,6,5,5,5,6,5,NA,21,NA,NA,NA,NA,NA,NA,NA,NA,NA,NA,NA,NA,NA,NA,NA,NA,NA,96295,rep,emo_similarity_network_presurvey_sum2021,1,1,0,1 + 1 + 0,/Users/ashish/files/research/projects/alexithymia/emo_similarity_image_network/data/raw/2021-07-10/emo_similarity_network_presurvey_sum2021.csv,51,15,18,18,15,18,6,9,9,9
2021-07-09 04:34:24,2021-07-09 04:46:38,IP Address,131.150.232.14,100,733,True,2021-07-09 04:46:38,R_3n16bjWlBGR0olH,46.2292022705078125,-119.170501708984375,anonymous,EN,1,5,6,3,7,6,3,2.791,21.986,23.112,11,6,2,5,6,2,2.41,15.393,16.371,6,5,6,4,6,5,1,1,5.924,30.254,31.145,8,5,7,1,5,7,1,8.862,20.777,21.834,7,5,2,4,2,5,3,5,5,4,4,5,6,2,4,2,4,2,2,5,4,6,2,5,3,2,3,4,4,4,4,3,5,2,2,4,2,2,5,2,1,4,3,4,4,2,5,6,3,4,3,5,5,6,5,3,1,4,Somewhat disagree,27.447,270.937,272.246,68,3,5,1,5,2,4.951,16.66,18.143,7,7,4,6,6,5,5,5,7,6,2.587,30.666,32.801,10,4,4,3,4,2,2,3,2.793,24.925,25.316,10,3,3,4,4,2,4,4,2,3.457,32.066,33.395,9,4,4,1,Moderately Disagree,Strongly Agree,6.241,17.864,18.865,5,4,1,2,4,Strongly Agree,2.519,21.45,21.916,9,2,4,4,3,1,3,5.525,31.517,32.912,7,4,5,Moderately Agree,Strongly Agree,2,9.98,22.756,23.652,6,2,7,2,2,6,5,5,7,3,7,NA,19,NA,NA,NA,NA,NA,NA,NA,NA,NA,NA,NA,NA,NA,NA,mexican,NA,NA,6662,psychone,emo_similarity_network_presurvey_sum2021,1,1,1,1 + 1 + 1,/Users/ashish/files/research/projects/alexithymia/emo_similarity_image_network/data/raw/2021-07-10/emo_similarity_network_presurvey_sum2021.csv,104,43,44,17,40,47,19,21,24,23
2021-07-09 04:41:07,2021-07-09 04:57:52,IP Address,68.131.125.210,100,1004,True,2021-07-09 04:57:52,R_3QXy2fmhd4W7zcD,36.837493896484375,-76.09760284423828125,anonymous,EN,1,5,3,6,4,4,5,4.932,32.899,34.614,8,5,5,5,4,5,7.459,26.273,27.311,8,5,3,5,4,4,1,6,9.301,52.819,54.017,8,4,3,4,5,4,5,14.863,39.593,40.121,11,2,4,3,5,3,4,3,2,4,3,4,3,4,2,4,3,4,4,4,4,2,5,3,4,4,4,4,3,2,4,2,4,5,4,3,5,4,2,4,5,3,2,2,3,5,4,2,4,4,4,3,3,3,3,3,4,4,Somewhat agree,12.822,362.349,363.731,72,3,3,4,5,4,3.845,17.351,18.72,6,6,2,7,7,6,7,5,6,6,3.315,41.018,42.588,14,4,3,4,4,1,2,2,2.186,22.373,23.728,8,3,3,4,4,4,2,4,1,3.704,43.191,45.954,10,4,4,2,Moderately Disagree,Strongly Agree,2.6,27.62,29.006,6,3,2,2,3,Neither Disagree or Agree,6.544,30.583,32.35,6,4,4,2,2,1,5,3.823,46.618,47.958,7,4,4,Moderately Disagree,Moderately Disagree,4,2.811,30.359,33.222,7,2,5,5,4,5,5,3,3,6,2,NA,19,NA,NA,NA,NA,NA,NA,NA,NA,NA,NA,NA,NA,NA,NA,NA,NA,NA,6702,psychone,emo_similarity_network_presurvey_sum2021,1,1,1,1 + 1 + 1,/Users/ashish/files/research/projects/alexithymia/emo_similarity_image_network/data/raw/2021-07-10/emo_similarity_network_presurvey_sum2021.csv,103,25,37,41,28,34,9,19,16,18
2021-07-09 05:44:14,2021-07-09 05:57:14,IP Address,136.36.163.101,100,780,True,2021-07-09 05:57:14,R_xa7hZRKzA3BhKwh,40.2584075927734375,-111.6591033935546875,anonymous,EN,1,2,2,3,2,2,5,1.974,17.296,18.239,14,3,3,3,2,2,2.482,28.055,28.635,18,2,2,3,3,2,1,3,1.204,19.858,20.625,15,2,2,3,2,2,3,1.024,21.487,22.126,16,2,5,3,4,5,5,3,2,5,4,5,3,2,2,5,2,5,5,5,5,2,3,3,5,5,5,5,5,3,5,3,3,5,5,2,5,4,2,5,5,3,3,2,2,4,4,2,5,4,3,2,3,2,2,5,5,3,Somewhat agree,9.097,359.726,362.02,107,6,6,6,3,6,1.966,11.598,12.126,12,6,1,5,6,5,2,2,2,5,3.771,37.147,38.91,9,3,3,2,3,3,1,1,2.388,34.36,35.028,13,2,1,4,2,2,2,2,2,3.28,40.157,41.553,21,2,2,3,Neither Disagree or Agree,Moderately Agree,4.389,26.581,28.077,5,2,2,3,2,Moderately Agree,3.66,23.184,24.515,5,2,4,2,1,1,2,2.583,30.079,32.042,7,5,4,Strongly Agree,Neither Disagree or Agree,2,2.457,18.334,19.422,6,5,5,5,3,3,5,5,3,6,5,NA,21,NA,NA,NA,NA,NA,NA,NA,NA,NA,NA,NA,NA,NA,NA,NA,NA,NA,6700,psychone,emo_similarity_network_presurvey_sum2021,1,1,1,1 + 1 + 1,/Users/ashish/files/research/projects/alexithymia/emo_similarity_image_network/data/raw/2021-07-10/emo_similarity_network_presurvey_sum2021.csv,58,14,19,25,15,18,6,9,8,10
2021-07-09 05:14:14,2021-07-09 06:19:04,IP Address,24.205.63.156,100,3889,True,2021-07-09 06:19:05,R_3EhDFu8QfgWltyK,34.0402069091796875,-118.73509979248046875,anonymous,EN,1,6,6,6,7,3,7,5.208,20.379,21.218,6,5,5,3,2,5,4.541,24.911,26.506,6,6,5,4,3,2,1,3,11.744,43.567,44.732,25,5,5,6,2,2,5,10.944,30.269,30.939,24,5,5,3,5,4,5,5,5,5,4,5,5,6,3,2,5,6,4,5,5,5,2,4,2,6,5,2,5,5,5,5,5,4,4,3,5,2,2,2,4,2,2,5,2,5,5,3,5,4,5,3,5,3,5,5,2,2,Agree,77.419,2016.957,2019.108,68,2,3,3,5,3,17.026,35.2,37.62,5,6,2,5,6,5,5,4,2,5,2.945,76.491,79.545,11,2,2,2,1,1,1,1,5.256,37.525,40.935,8,1,2,2,3,1,2,1,1,89.042,231.522,232.769,10,2,4,1,Moderately Disagree,Moderately Agree,3.501,48.998,50.54,6,4,1,2,1,Moderately Agree,34.386,58.789,60.28,6,4,5,2,3,1,3,6.554,79.244,80.854,13,1,4,Moderately Agree,Moderately Agree,1,3.424,97.646,98.645,6,6,5,6,2,6,5,6,2,3,2,NA,23,NA,bachelor's degree,NA,NA,NA,NA,NA,NA,NA,NA,NA,NA,NA,NA,NA,NA,NA,96790,rep,emo_similarity_network_presurvey_sum2021,1,1,1,1 + 1 + 1,/Users/ashish/files/research/projects/alexithymia/emo_similarity_image_network/data/raw/2021-07-10/emo_similarity_network_presurvey_sum2021.csv,103,25,37,41,38,24,16,22,9,15
2021-07-07 22:24:58,2021-07-09 07:01:12,IP Address,67.180.215.5,100,117373,True,2021-07-09 07:01:12,R_RRJ5VaAZm8B9IYN,37.3881072998046875,-121.8755950927734375,anonymous,EN,1,4,4,3,5,5,5,57.196,72.226,73.927,6,6,2,3,4,2,4.96,33.129,33.862,9,6,6,6,5,4,1,3,4.189,41.88,42.264,14,4,4,5,4,4,2,5.639,21.032,22.087,7,5,5,4,6,4,6,6,4,4,4,5,2,4,5,4,4,4,4,4,4,4,4,4,4,4,5,5,3,5,5,5,5,6,4,4,6,4,4,4,4,4,4,4,3,2,2,1,1,4,4,4,5,5,5,5,5,5,Agree,4.575,231.376,232.377,65,1,4,3,3,1,3.674,28.039,28.434,7,7,6,6,6,5,5,6,6,6,7.911,34.211,35.689,12,2,3,3,1,1,3,1,5.203,38.261,39.603,9,1,3,3,4,1,3,3,1,3.203,40.849,42.202,10,3,3,3,Strongly Agree,Strongly Agree,3.346,21.077,22.677,5,2,3,3,3,Strongly Agree,2.093,22.905,24.468,9,1,3,3,1,1,5,4.416,38.858,40.011,8,3,4,Moderately Agree,Moderately Agree,4,5.371,22.995,26.236,7,5,2,5,5,5,2,4,6,5,4,NA,27,NA,bs,NA,NA,NA,NA,NA,NA,NA,NA,NA,NA,NA,NA,NA,NA,NA,96628,rep,emo_similarity_network_presurvey_sum2021,1,1,1,1 + 1 + 1,/Users/ashish/files/research/projects/alexithymia/emo_similarity_image_network/data/raw/2021-07-10/emo_similarity_network_presurvey_sum2021.csv,96,31,37,28,34,34,14,20,17,17
2021-07-09 06:47:34,2021-07-09 07:12:17,IP Address,71.198.2.106,100,1483,True,2021-07-09 07:12:17,R_2ASTBpnuTU11bMY,37.3773040771484375,-122.01940155029296875,anonymous,EN,1,2,2,2,5,2,2,8.272,49.03,51.776,7,2,5,2,2,2,16.351,54.779,56.837,7,2,2,2,2,2,0,2,8.18,43.849,49.715,7,2,2,2,2,2,2,6.786,33.062,34.554,9,5,2,2,5,4,5,5,5,4,2,5,5,5,5,2,5,5,4,5,5,5,5,2,5,2,5,2,2,4,5,5,4,5,3,4,5,3,3,3,5,5,3,5,5,2,2,2,2,2,2,2,4,4,2,5,5,2,Agree,17.257,643.449,645.124,64,2,2,2,2,2,6.845,26.805,28.737,5,6,2,3,2,2,2,5,3,2,9.639,90.815,93.036,12,2,2,2,2,1,1,1,5.474,45.108,46.791,7,2,2,2,4,2,2,1,1,9.767,80.804,83.335,9,2,2,2,Moderately Agree,Moderately Disagree,19.034,47.187,48.927,5,2,2,2,2,Moderately Agree,13.156,41.629,43.347,5,2,2,2,2,0,2,4.255,38.708,49.215,6,4,2,Moderately Disagree,Moderately Disagree,2,7.056,55.396,57.332,5,2,2,2,2,6,2,3,3,2,2,NA,45,NA,bachelor,NA,NA,NA,NA,NA,NA,NA,NA,NA,NA,NA,NA,NA,NA,NA,96190,rep,emo_similarity_network_presurvey_sum2021,0,0,0,0 + 0 + 0,/Users/ashish/files/research/projects/alexithymia/emo_similarity_image_network/data/raw/2021-07-10/emo_similarity_network_presurvey_sum2021.csv,52,14,19,19,14,19,6,8,8,11
2021-07-09 03:20:31,2021-07-09 07:12:58,IP Address,76.102.46.110,100,13947,True,2021-07-09 07:12:59,R_30wLdbr8nqq4puw,37.393096923828125,-121.962005615234375,anonymous,EN,1,4,4,1,4,4,2,4.616,29.529,31.213,10,2,1,2,6,1,4.336,38.096,38.995,12,2,3,4,2,2,1,1,2.061,69.325,70.388,26,3,3,1,2,2,1,60.43,81.368,82.265,8,4,4,4,5,4,6,5,4,3,2,4,4,4,3,5,5,5,5,4,5,5,5,5,5,2,5,5,5,3,3,2,5,5,4,5,5,5,5,4,5,5,3,5,3,2,2,3,5,4,5,4,5,5,5,5,4,2,Agree,2.954,486.69,487.248,70,7,7,7,7,7,3.044,15.94,17.038,6,5,5,4,5,2,5,3,3,2,4.508,34.659,35.97,9,1,1,1,1,1,1,1,1.345,26.296,27.141,14,1,1,1,1,1,1,1,1,2.841,29.218,30.314,9,2,2,1,Neither Disagree or Agree,Neither Disagree or Agree,12.402,36.867,37.711,11,1,2,2,2,Strongly Agree,3.419,31.971,32.274,8,3,2,2,2,0,3,4.654,51.366,52.132,19,3,1,Moderately Agree,Moderately Agree,1,2.204,29.636,30.61,10,6,5,6,3,4,2,6,6,2,6,NA,41,NA,NA,NA,NA,NA,NA,NA,NA,NA,NA,NA,NA,NA,NA,NA,NA,NA,96055,rep,emo_similarity_network_presurvey_sum2021,1,0,1,0 + 1 + 1,/Users/ashish/files/research/projects/alexithymia/emo_similarity_image_network/data/raw/2021-07-10/emo_similarity_network_presurvey_sum2021.csv,57,24,21,12,21,24,10,11,14,10
2021-07-09 07:50:57,2021-07-09 08:01:18,IP Address,73.231.83.0,100,620,True,2021-07-09 08:01:18,R_1opq9Nl1FKdvX9V,37.437103271484375,-121.8954010009765625,anonymous,EN,1,5,6,7,2,2,4,0.226,22.72,23.475,13,5,2,3,3,6,0.265,22.448,23.341,10,6,6,6,2,2,1,6,0.244,22.521,23.411,12,4,4,1,3,3,5,0.224,22.841,23.594,14,4,3,4,3,5,5,5,6,6,6,6,6,4,3,5,6,3,3,6,4,6,3,5,5,3,3,5,5,5,5,4,4,3,3,6,3,3,5,3,3,3,3,6,5,2,4,3,5,4,2,5,5,5,5,4,2,3,Agree,0.297,214.438,215.123,108,6,6,5,4,5,5.158,22.614,23.36,9,7,3,6,4,4,5,3,2,2,2.802,33.837,34.768,21,4,4,4,4,4,2,3,0.634,16.687,17.126,13,2,2,4,4,4,4,2,3,0.478,28.347,29.087,15,4,4,5,Strongly Disagree,Strongly Agree,0.436,21.506,22.255,13,5,5,5,5,Strongly Agree,0.314,9.86,11.744,8,3,4,5,5,1,5,0.341,65.277,66.186,25,5,5,Strongly Disagree,Moderately Agree,3,1.207,14.049,14.907,10,6,7,7,2,6,7,6,7,3,5,NA,24,NA,NA,NA,NA,NA,NA,NA,NA,NA,NA,NA,NA,NA,NA,NA,NA,NA,96022,rep,emo_similarity_network_presurvey_sum2021,1,1,1,1 + 1 + 1,/Users/ashish/files/research/projects/alexithymia/emo_similarity_image_network/data/raw/2021-07-10/emo_similarity_network_presurvey_sum2021.csv,93,26,30,37,36,20,16,20,10,10
2021-07-09 18:14:29,2021-07-09 18:34:46,IP Address,158.143.228.147,100,1217,True,2021-07-09 18:34:46,R_2q8fRyNLxaLbEnP,51.4980926513671875,-0.088592529296875,anonymous,EN,1,6,2,2,6,6,2,57.803,94.138,95.207,6,2,2,6,6,2,6.928,24.64,26.106,6,2,6,1,6,6,1,2,4.902,24.815,25.724,7,4,6,1,6,6,1,13.526,35.132,36.08,7,5,2,4,2,4,3,2,4,4,5,5,3,2,4,4,2,2,3,4,3,5,2,4,4,2,2,4,2,4,5,3,4,2,2,4,3,2,4,3,3,3,2,4,4,3,3,4,4,4,3,4,4,4,4,5,3,3,Somewhat agree,16,619.57,619.932,61,6,6,6,6,3,4.455,17.245,18.225,5,6,2,3,5,4,3,5,2,3,2.539,48.007,48.789,9,2,1,2,2,2,2,1,6.314,27.422,28.1,7,2,2,3,2,1,1,3,1,3.71,56.071,57.359,11,3,4,1,Moderately Disagree,Moderately Agree,7.196,17.952,18.956,5,4,2,1,4,Moderately Agree,3.557,12.736,13.662,6,4,2,2,4,1,3,1.748,35.571,36.373,6,1,2,Moderately Agree,Moderately Agree,1,2.942,58.407,59.342,5,5,3,6,4,6,3,7,6,3,6,NA,19,NA,NA,NA,NA,NA,NA,NA,NA,NA,NA,NA,NA,NA,NA,NA,NA,NA,6597,psychone,emo_similarity_network_presurvey_sum2021,1,1,1,1 + 1 + 1,/Users/ashish/files/research/projects/alexithymia/emo_similarity_image_network/data/raw/2021-07-10/emo_similarity_network_presurvey_sum2021.csv,89,38,38,13,28,48,14,14,24,24
2021-07-09 18:15:09,2021-07-09 19:01:09,IP Address,107.77.230.233,100,2759,True,2021-07-09 19:01:09,R_2cvdmXjZnjnoqFY,34.006805419921875,-118.2559967041015625,anonymous,EN,1,1,1,1,1,1,1,10.941,70.871,71.416,31,1,1,1,1,1,3.661,28.487,29.73,16,1,1,1,1,1,1,1,5.555,52.428,53.873,19,1,1,1,1,1,1,21.402,65.87,66.553,18,4,4,5,3,4,3,4,3,5,3,4,4,4,3,2,4,3,2,5,5,5,3,4,2,2,2,2,2,3,2,2,2,3,3,2,2,2,5,2,2,3,3,4,4,1,2,4,2,4,2,4,5,5,4,5,2,2,Disagree,2.436,1519.236,1519.986,218,3,4,5,5,5,27.873,52.528,53.313,14,6,2,2,6,2,5,5,2,1,5.332,52.388,53.705,29,1,1,1,1,1,1,1,7.353,41.875,43.77,17,1,1,1,1,1,1,1,1,29.493,69.032,69.823,25,1,1,1,Strongly Agree,Moderately Agree,5.833,21.18,21.8,13,1,1,1,1,Strongly Agree,14.203,113.902,114.438,13,1,2,1,1,1,1,3.704,38.161,39.207,15,1,1,Strongly Agree,Moderately Agree,1,5.943,29.977,30.653,14,1,1,1,1,5,1,7,6,2,7,NA,19,NA,NA,NA,NA,NA,NA,NA,NA,NA,NA,NA,NA,NA,NA,mexican/american,NA,NA,6618,psychone,emo_similarity_network_presurvey_sum2021,1,1,1,1 + 1 + 1,/Users/ashish/files/research/projects/alexithymia/emo_similarity_image_network/data/raw/2021-07-10/emo_similarity_network_presurvey_sum2021.csv,23,7,8,8,7,8,3,4,4,4
2021-07-09 20:10:37,2021-07-09 20:25:39,IP Address,24.185.204.240,100,902,True,2021-07-09 20:25:39,R_1obv2xJ2fiitdss,40.876800537109375,-74.086700439453125,anonymous,EN,1,3,2,1,5,6,3,3.476,29.239,30.109,16,2,2,2,5,2,2.972,157.554,158.572,12,2,5,2,5,5,1,2,3.463,31.519,32.863,18,5,2,2,5,5,2,7.446,28.37,29.488,12,5,5,5,5,5,5,6,6,5,5,5,6,4,4,5,5,5,4,5,4,4,5,5,6,4,5,5,5,5,4,2,5,5,5,6,5,5,5,5,5,6,6,4,5,3,3,3,5,4,5,5,5,5,5,5,5,3,Agree,1.498,244.495,246.349,113,6,6,6,6,5,1.826,11.128,12.3,8,6,3,5,5,3,3,5,5,3,4.014,33.987,35.126,22,3,3,3,2,1,3,3,4.372,23.76,24.582,15,1,2,2,2,2,2,2,1,4.616,34.868,36.828,15,4,4,2,Moderately Agree,Moderately Agree,6.748,20.963,21.911,9,2,2,4,4,Moderately Agree,8.786,53.305,54.241,10,4,4,4,2,1,2,6.568,43.307,43.639,13,2,2,Moderately Agree,Moderately Agree,2,8.74,24.261,25.18,10,5,2,3,2,5,1,5,5,2,6,NA,19,NA,NA,NA,NA,NA,NA,NA,NA,NA,NA,NA,NA,NA,NA,NA,NA,NA,6655,psychone,emo_similarity_network_presurvey_sum2021,1,1,1,1 + 1 + 1,/Users/ashish/files/research/projects/alexithymia/emo_similarity_image_network/data/raw/2021-07-10/emo_similarity_network_presurvey_sum2021.csv,75,30,29,16,21,38,9,12,21,17
2021-07-09 22:34:15,2021-07-09 22:49:16,IP Address,68.65.175.38,100,900,True,2021-07-09 22:49:17,R_AapnS5ho2gd8moV,37.423004150390625,-122.1638946533203125,anonymous,EN,1,5,4,5,5,3,4,8.333,30.284,31.616,11,6,3,3,3,5,0.338,28.149,29.567,11,5,3,5,3,3,1,3,0.574,36.189,37.152,14,3,3,2,4,3,3,5.19,29.522,30.655,10,5,5,6,4,4,5,4,5,5,5,6,5,5,6,5,5,5,4,5,5,6,5,6,5,5,5,4,5,5,6,5,5,4,5,5,5,5,5,5,4,5,4,6,5,5,5,4,5,4,5,6,5,5,5,4,5,5,Somewhat agree,5.139,243.782,244.994,93,6,7,6,6,6,3.08,14.286,16.048,9,5,5,4,6,2,5,5,2,2,175.877,205.539,206.454,18,1,1,1,1,1,1,1,1.865,14.78,16.248,11,1,1,1,1,1,1,1,1,0.223,32.837,33.924,16,2,2,1,Neither Disagree or Agree,Moderately Agree,2.041,34.109,34.955,9,4,3,1,3,Moderately Agree,8.757,25.64,26.786,8,4,4,2,3,1,4,5.722,37.937,39.201,11,4,5,Moderately Agree,Strongly Agree,4,6.353,21.105,22.32,8,6,6,5,5,6,6,4,5,6,5,NA,21,NA,NA,NA,NA,NA,NA,NA,NA,NA,NA,NA,NA,NA,NA,NA,NA,NA,6721,psychone,emo_similarity_network_presurvey_sum2021,1,1,1,1 + 1 + 1,/Users/ashish/files/research/projects/alexithymia/emo_similarity_image_network/data/raw/2021-07-10/emo_similarity_network_presurvey_sum2021.csv,86,22,34,30,29,27,10,19,12,15
2021-07-09 20:31:43,2021-07-09 23:15:37,IP Address,50.64.17.130,100,9834,True,2021-07-09 23:15:38,R_2uAFzil3RDFui2J,49.2624053955078125,-123.160400390625,anonymous,EN,1,5,5,6,2,2,5,61.399,86.523,88.721,7,3,2,1,2,6,113.299,486.604,491.593,7,3,1,5,3,2,1,2,32.493,167.576,169.023,13,5,6,6,2,2,2,5.873,47.807,48.822,13,5,6,5,4,2,4,4,3,6,5,5,2,2,6,5,2,4,3,5,5,3,4,3,6,6,5,4,5,4,6,5,2,4,5,4,6,4,5,5,4,5,4,4,6,5,4,5,6,4,4,5,4,5,3,4,4,2,Agree,4.807,3627.767,3628.83,78,7,6,6,7,7,87.289,172.722,174.314,6,7,5,6,7,6,5,5,6,6,2.766,29.602,30.15,11,3,2,2,2,1,2,1,22.856,40.836,42.102,7,2,3,4,4,4,2,2,1,3.44,36.249,37.892,10,4,4,5,Moderately Disagree,Moderately Agree,4.161,44.058,45.262,5,2,4,4,2,Strongly Agree,31.421,148.923,151.036,9,5,4,2,1,1,4,277.499,600.475,602.031,7,1,4,Strongly Agree,Moderately Agree,4,283.27,663.96,665.398,5,1,5,6,2,5,5,2,2,6,7,NA,19,NA,NA,NA,NA,NA,NA,NA,NA,NA,NA,NA,NA,NA,NA,NA,NA,NA,6596,psychone,emo_similarity_network_presurvey_sum2021,1,1,1,1 + 1 + 1,/Users/ashish/files/research/projects/alexithymia/emo_similarity_image_network/data/raw/2021-07-10/emo_similarity_network_presurvey_sum2021.csv,78,20,24,34,28,16,12,16,8,8
